;Date;Consumption;Prediction
0;2015-01-05;847496263.608;0
1;2015-01-12;1276564151.119;0
2;2015-01-19;1295939026.96;0
3;2015-01-26;1343534033.198;0
4;2015-02-02;1344106391.211;0
5;2015-02-09;1390424518.453;0
6;2015-02-16;1336958136.2220001;0
7;2015-02-23;1316696077.897;0
8;2015-03-02;1296788089.336;0
9;2015-03-09;1260304802.394;0
10;2015-03-16;1209500707.606;0
11;2015-03-23;1171964065.447;0
12;2015-03-30;1184817404.159;0
13;2015-04-06;1130293022.114;0
14;2015-04-13;1098347564.632;0
15;2015-04-20;1077939535.956;0
16;2015-04-27;1063568406.523;0
17;2015-05-04;1099252502.538;0
18;2015-05-11;1080452398.025;0
19;2015-05-18;1017533683.282;0
20;2015-05-25;1067960118.599;0
21;2015-06-01;1071466798.239;0
22;2015-06-08;1071459940.801;0
23;2015-06-15;1075877752.016;0
24;2015-06-22;1057976871.748;0
25;2015-06-29;1047127895.657;0
26;2015-07-06;1081598874.484;0
27;2015-07-13;1058234405.785;0
28;2015-07-20;1033887412.822;0
29;2015-07-27;1018974933.84;0
30;2015-08-03;978670015.523;0
31;2015-08-10;1015277277.567;0
32;2015-08-17;1046561010.498;0
33;2015-08-24;1059483377.933;0
34;2015-08-31;1063768487.336;0
35;2015-09-07;1071293538.043;0
36;2015-09-14;1060277383.594;0
37;2015-09-21;1111992012.576;0
38;2015-09-28;1082901011.887;0
39;2015-10-05;1085881529.422;0
40;2015-10-12;1097600190.982;0
41;2015-10-19;1156589494.233;0
42;2015-10-26;1146284008.004;0
43;2015-11-02;1144492252.829;0
44;2015-11-09;1134467033.734;0
45;2015-11-16;1142922222.653;0
46;2015-11-23;1204360132.631;0
47;2015-11-30;1304311242.009;0
48;2015-12-07;1264547983.238;0
49;2015-12-14;1308734887.734;0
50;2015-12-21;1257076785.486;0
51;2015-12-28;1136779167.18;0
52;2016-01-04;1172438166.049;0
53;2016-01-11;1314693235.848;0
54;2016-01-18;1375104209.266;0
55;2016-01-25;1361713001.794;0
56;2016-02-01;1273471800.315;0
57;2016-02-08;1263586686.72;0
58;2016-02-15;1297692205.816;0
59;2016-02-22;1304349776.8930001;0
60;2016-02-29;1288093765.122;0
61;2016-03-07;1306509541.901;0
62;2016-03-14;1276045729.366;0
63;2016-03-21;1234562824.616;0
64;2016-03-28;1149973833.786;0
65;2016-04-04;1135137088.45;0
66;2016-04-11;1150255482.575;0
67;2016-04-18;1150902152.83;0
68;2016-04-25;1133640647.598;0
69;2016-05-02;1176905794.2;0
70;2016-05-09;1067264463.459;0
71;2016-05-16;1098085157.281;0
72;2016-05-23;1098249138.502;0
73;2016-05-30;1104907561.203;0
74;2016-06-06;1105443057.917;0
75;2016-06-13;1088438712.178;0
76;2016-06-20;1104416422.266;0
77;2016-06-27;1099894943.224;0
78;2016-07-04;1100745508.739;0
79;2016-07-11;1099274493.727;0
80;2016-07-18;1063129551.589;0
81;2016-07-25;1002373454.606;0
82;2016-08-01;959664323.6620001;0
83;2016-08-08;1000726433.746;0
84;2016-08-15;1017705144.377;0
85;2016-08-22;1060663469.824;0
86;2016-08-29;1071186481.817;0
87;2016-09-05;1074964872.408;0
88;2016-09-12;1061564956.145;0
89;2016-09-19;1059391214.434;0
90;2016-09-26;1063300311.386;0
91;2016-10-03;1061670048.311;0
92;2016-10-10;1127502651.325;0
93;2016-10-17;1163681879.882;0
94;2016-10-24;1167036148.286;0
95;2016-10-31;1203796731.4;0
96;2016-11-07;1210200894.439;0
97;2016-11-14;1283038833.126;0
98;2016-11-21;1237736598.88;0
99;2016-11-28;1234310415.29;0
100;2016-12-05;1316656650.224;0
101;2016-12-12;1315424256.28;0
102;2016-12-19;1343635359.295;0
103;2016-12-26;1222314869.175;0
104;2017-01-02;1186541745.973;0
105;2017-01-09;1345403107.882;0
106;2017-01-16;1408289576.338;0
107;2017-01-23;1469832373.725;0
108;2017-01-30;1449444152.637;0
109;2017-02-06;1368377212.23;0
110;2017-02-13;1354575778.037;0
111;2017-02-20;1288701587.41;0
112;2017-02-27;1233672360.701;0
113;2017-03-06;1265468444.437;0
114;2017-03-13;1256396902.564;0
115;2017-03-20;1167804166.848;0
116;2017-03-27;1150891781.244;0
117;2017-04-03;1097279580.983;0
118;2017-04-10;1089326984.8700001;0
119;2017-04-17;1022029859.665;0
120;2017-04-24;1124412596.114;0
121;2017-05-01;1172874527.086;0
122;2017-05-08;1150275880.41;0
123;2017-05-15;1084809381.7910001;0
124;2017-05-22;1091389060.265;0
125;2017-05-29;1032278358.372;0
126;2017-06-05;1073581126.72;0
127;2017-06-12;1087343851.539;0
128;2017-06-19;1069432000.189;0
129;2017-06-26;1101102154.098;0
130;2017-07-03;1061337828.194;0
131;2017-07-10;1056344088.131;0
132;2017-07-17;1037525050.571;0
133;2017-07-24;1017726168.785;0
134;2017-07-31;985789740.21;0
135;2017-08-07;978974077.523;0
136;2017-08-14;1022484648.839;0
137;2017-08-21;1046851277.681;0
138;2017-08-28;1057412152.5780001;0
139;2017-09-04;1100250675.779;0
140;2017-09-11;1091839049.823;0
141;2017-09-18;1091842923.828;0
142;2017-09-25;1100245538.598;0
143;2017-10-02;1096760608.3;0
144;2017-10-09;1107732886.805;0
145;2017-10-16;1085487974.7450001;0
146;2017-10-23;1101126267.766;0
147;2017-10-30;1150623906.329;0
148;2017-11-06;1175153976.111;0
149;2017-11-13;1263533291.265;0
150;2017-11-20;1296715395.88;0
151;2017-11-27;1281236973.145;0
152;2017-12-04;1344659179.318;0
153;2017-12-11;1353513348.025;0
154;2017-12-18;1382035221.665;0
155;2017-12-25;1283790299.014;0
156;2018-01-01;1212283279.32;0
157;2018-01-08;1225613924.969;0
158;2018-01-15;1301639469.103;0
159;2018-01-22;1317986850.163;0
160;2018-01-29;1258018391.844;0
161;2018-02-05;1311851011.672;0
162;2018-02-12;1336216106.824;0
163;2018-02-19;1323173443.696;0
164;2018-02-26;1386867539.405;0
165;2018-03-05;1394199660.365;0
166;2018-03-12;1276143043.366;0
167;2018-03-19;1295893291.874;0
168;2018-03-26;1295300634.108;0
169;2018-04-02;1179365743.478;0
170;2018-04-09;1149385883.817;0
171;2018-04-16;1107399166.4;0
172;2018-04-23;1081720581.819;0
173;2018-04-30;1084585254.013;0
174;2018-05-07;1087521908.711;0
175;2018-05-14;1047506004.582;0
176;2018-05-21;1082993678.428;0
177;2018-05-28;1061166588.809;0
178;2018-06-04;1067057518.982;0
179;2018-06-11;1068770534.349;0
180;2018-06-18;1089319148.202025;0
181;2018-06-25;1107878433.974743;0
182;2018-07-02;1064979745.539776;0
183;2018-07-09;1043891458.317729;0
184;2018-07-16;1016883993.232702;0
185;2018-07-23;1000382472.810061;0
186;2018-07-30;981340361.748301;0
187;2018-08-06;961118507.294846;0
188;2018-08-13;1046252284.768227;0
189;2018-08-20;1035692306.64725;0
190;2018-08-27;1066982251.7314761;0
191;2018-09-03;1074128956.936607;0
192;2018-09-10;1054555210.120623;0
193;2018-09-17;1080120627.896628;0
194;2018-09-24;1081698867.62421;0
195;2018-10-01;1071385785.659565;0
196;2018-10-08;1066543095.761804;0
197;2018-10-15;1068220413.537567;0
198;2018-10-22;1072777441.339326;0
199;2018-10-29;1160111431.308152;0
200;2018-11-05;1191026539.661884;0
201;2018-11-12;1171948157.49409;0
202;2018-11-19;1252631893.17134;0
203;2018-11-26;1306496220.257419;0
204;2018-12-03;1312615224.269292;0
205;2018-12-10;1273388931.168286;0
206;2018-12-17;1351735215.701167;0
207;2018-12-24;1272194350.870429;0
208;2018-12-31;1159919850.060698;0
209;2019-01-07;1258176781.268146;0
210;2019-01-14;1364874943.718509;0
211;2019-01-21;1359957387.496039;0
212;2019-01-28;1389627507.749641;0
213;2019-02-04;1361081073.772192;0
214;2019-02-11;1361475452.3625271;0
215;2019-02-18;1295466012.125377;0
216;2019-02-25;1255848952.061882;0
217;2019-03-04;1231514052.529716;0
218;2019-03-11;1289302624.2827501;0
219;2019-03-18;1292495818.229184;0
220;2019-03-25;1199121107.296614;0
221;2019-04-01;1162668439.179735;0
222;2019-04-08;1168124647.006326;0
223;2019-04-15;1159386126.9764931;0
224;2019-04-22;1096448509.853961;0
225;2019-04-29;1123975165.03064;0
226;2019-05-06;1163979478.027166;0
227;2019-05-13;1133365708.333417;0
228;2019-05-20;1119325702.28581;0
229;2019-05-27;1134525707.768156;0
230;2019-06-03;1086262749.15136;0
231;2019-06-10;1100195826.638541;0
232;2019-06-17;1131405193.723923;0
233;2019-06-24;1116136751.69996;0
234;2019-07-01;1149354957.312795;0
235;2019-07-08;1074286088.138705;0
236;2019-07-15;1043120245.305852;0
237;2019-07-22;1039302221.965306;0
238;2019-07-29;1031755452.068806;0
239;2019-08-05;904290089.190012;0
240;2019-08-12;1047577809.971956;0
241;2019-08-19;1025292827.877595;0
242;2019-08-26;1038728761.779822;0
243;2019-09-02;1073268458.802482;0
244;2019-09-09;1033723266.101745;0
245;2019-09-16;1076410506.871635;0
246;2019-09-23;1098087342.779776;0
247;2019-09-30;1089758079.227485;0
248;2019-10-07;1136164215.441552;0
249;2019-10-14;1138199957.679263;0
250;2019-10-21;1144459772.891492;0
251;2019-10-28;1149348056.354871;0
252;2019-11-04;1160674241.2917361;0
253;2019-11-11;1231640634.936413;0
254;2019-11-18;1273757517.66946;0
255;2019-11-25;1265724381.653619;0
256;2019-12-02;1316199750.449288;0
257;2019-12-09;1318929075.908865;0
258;2019-12-16;1314572607.107763;0
259;2019-12-23;1251235456.369666;0
260;2019-12-30;1155062111.754428;0
261;2020-01-06;1197103604.532973;0
262;2020-01-13;1275668011.378908;0
263;2020-01-20;1298808890.402144;0
264;2020-01-27;1357402452.658166;0
265;2020-02-03;1296156218.372439;0
266;2020-02-10;1301137473.151829;0
267;2020-02-17;1256785177.893543;0
268;2020-02-24;1236122517.7039201;0
269;2020-03-02;1281368560.539273;0
270;2020-03-09;1264728439.486681;0
271;2020-03-16;1227067679.843067;0
272;2020-03-23;1129886852.302637;0
273;2020-03-30;1141030208.724317;0
274;2020-04-06;1107901175.484611;0
275;2020-04-13;976927591.748685;0
276;2020-04-20;1036221948.367978;0
277;2020-04-27;1037890044.933581;0
278;2020-05-04;1076373034.640818;0
279;2020-05-11;1052075022.8794041;0
280;2020-05-18;1101857491.143526;0
281;2020-05-25;1053148352.903145;0
282;2020-06-01;1055265119.076442;0
283;2020-06-08;1085305870.961663;0
284;2020-06-15;1076215655.839524;0
285;2020-06-22;1040094713.685431;0
286;2020-06-29;1054265217.688322;0
287;2020-07-06;1066728578.834481;0
288;2020-07-13;1049754395.285487;0
289;2020-07-20;1001176938.096739;0
290;2020-07-27;979846527.803811;0
291;2020-08-03;994514020.556392;0
292;2020-08-10;1033848348.267108;0
293;2020-08-17;1052832271.066337;0
294;2020-08-24;1069281669.057854;0
295;2020-08-31;1091511410.846964;0
296;2020-09-07;1068630232.142002;0
297;2020-09-14;1055287556.764036;0
298;2020-09-21;1072322931.100183;0
299;2020-09-28;1125615217.482134;0
300;2020-10-05;1179426867.617644;0
301;2020-10-12;1166187000.97137;0
302;2020-10-19;1192037170.349865;0
303;2020-10-26;1210832179.80288;0
304;2020-11-02;1182356870.188731;0
305;2020-11-09;1167967099.165029;0
306;2020-11-16;1186762012.098459;0
307;2020-11-23;1240386716.617625;0
308;2020-11-30;1310645827.633172;0
309;2020-12-07;1376538811.09472;0
310;2020-12-14;1362701622.510241;0
311;2020-12-21;1274669230.331898;0
312;2020-12-28;1221602187.256676;0
313;2021-01-04;1260064443.320543;0
314;2021-01-11;1370790833.428136;0
315;2021-01-18;1392799836.878781;0
316;2021-01-25;1372901558.350198;0
317;2021-02-01;1356047791.997395;0
318;2021-02-08;1276710727.161317;0
319;2021-02-15;1405415701.859968;0
320;2021-02-22;1266293192.877008;0
321;2021-03-01;1209609128.047595;0
322;2021-03-08;1212661440.261203;0
323;2021-03-15;1240097057.435707;0
324;2021-03-22;1286458238.351184;0
325;2021-03-29;1183601810.125343;0
326;2021-04-05;1100668859.0461261;0
327;2021-04-12;1171312718.127775;0
328;2021-04-19;1212237054.048826;0
329;2021-04-26;1140087218.330943;0
330;2021-05-03;1134497354.368052;0
331;2021-05-10;1178486519.677644;0
332;2021-05-17;1099146213.977736;0
333;2021-05-24;1148390873.183682;0
334;2021-05-31;1111034804.171669;0
335;2021-06-07;1063696826.005249;0
336;2021-06-14;1091421500.438978;0
337;2021-06-21;1104549304.348326;0
338;2021-06-28;1072825692.959839;0
339;2021-07-05;1061303812.948127;0
340;2021-07-12;1062960080.574296;0
341;2021-07-19;1057386059.024952;0
342;2021-07-26;1013176655.143903;0
343;2021-08-02;1046170288.953903;0
344;2021-08-09;1020830542.270031;0
345;2021-08-16;1043180916.491259;0
346;2021-08-23;1053793085.438457;0
347;2021-08-30;1046047232.953329;0
348;2021-09-06;1058484151.817363;0
349;2021-09-13;1057750788.975335;0
350;2021-09-20;1101529453.424613;0
351;2021-09-27;1098992100.463779;0
352;2021-10-04;1119706354.272885;0
353;2021-10-11;1174265425.048547;0
354;2021-10-18;1167318251.368264;0
355;2021-10-25;1142585763.1505451;0
356;2021-11-01;1201374103.259269;0
357;2021-11-08;1276467987.092565;0
358;2021-11-15;1282292230.249835;0
359;2021-11-22;1317220306.735782;0
360;2021-11-29;1412897329.386655;0
361;2021-12-06;1441506964.415141;0
362;2021-12-13;1456529130.646889;0
363;2021-12-20;1424652633.98003;0
364;2021-12-27;1357652187.948967;0
365;2022-01-03;1209803474.570382;0
366;2022-01-10;1355732056.743728;0
367;2022-01-17;1428657741.424897;0
368;2022-01-24;1417141636.305235;0
369;2022-01-31;1380600721.743508;0
370;2022-02-07;1381569927.83043;0
371;2022-02-14;1363820982.04252;0
372;2022-02-21;1335687065.364864;0
373;2022-02-28;1313160911.851755;0
374;2022-03-07;1262880249.127022;0
375;2022-03-14;1258767550.241185;0
376;2022-03-21;1234030962.225842;0
377;2022-03-28;1189795980.298297;0
378;2022-04-04;1231369742.56174;0
379;2022-04-11;1232638349.817675;0
380;2022-04-18;1077118333.30197;0
381;2022-04-25;1109388260.415723;0
382;2022-05-02;1129494605.090395;0
383;2022-05-09;1092783373.135284;0
384;2022-05-16;1103423043.381337;0
385;2022-05-23;1092915931.680761;0
386;2022-05-30;1080202563.821543;0
387;2022-06-06;1113269308.508902;0
388;2022-06-13;1138885058.277667;0
389;2022-06-20;1074387791.730052;0
390;2022-06-27;1132040824.576618;0
391;2022-07-04;1124221521.387708;0
392;2022-07-11;1081450343.446168;0
393;2022-07-18;1066858476.496258;0
394;2022-07-25;1043807566.57005;0
395;2022-08-01;987886998.792571;0
396;2022-08-08;1032558577.092689;0
397;2022-08-15;1028389001.369562;0
398;2022-08-22;1093418509.554181;0
399;2022-08-29;1068919230.327118;0
400;2022-09-05;1093342722.333654;0
401;2022-09-12;1064379260.554746;0
402;2022-09-19;1127641951.402312;0
403;2022-09-26;1065129197.733335;0
404;2022-10-03;1190245839.921596;0
405;2022-10-10;1122587862.385743;0
406;2022-10-17;1099848012.407304;0
407;2022-10-24;1156637527.789537;0
408;2022-10-31;1086055534.232422;0
409;2022-11-07;1184959500.634783;0
410;2022-11-14;1177539713.796975;0
411;2022-11-21;1244294265.700456;0
412;2022-11-28;1299051967.0426111;0
413;2022-12-05;1339878258.031258;0
414;2022-12-12;1396177729.605364;0
415;2022-12-19;1398434194.090111;0
416;2022-12-26;1284632668.738277;0
417;2023-01-02;1156681058.69786;0
418;2023-01-09;1201601764.389041;0
419;2023-01-16;1302221354.71;0
420;2023-01-23;1411143523.776128;0
421;2023-01-30;1386800612.431155;0
422;2023-02-06;1329109555.222382;0
423;2023-02-13;1296321972.260442;0
424;2023-02-20;1213111636.114557;0
425;2023-02-27;1188042420.940417;0
426;2023-03-06;1216506169.5780435;0
427;2023-03-13;1244969918.2156696;1
428;2023-03-20;1236581689.571531;1
429;2023-03-27;1195741367.1771781;1
430;2023-04-03;1237767146.8973622;1
431;2023-04-10;1243247741.0018425;1
432;2023-04-17;1090800579.160342;1
433;2023-04-24;1122612121.0415716;1
434;2023-05-01;1143744224.3642046;1
435;2023-05-08;1105986170.662972;1
436;2023-05-15;1113824379.050071;1
437;2023-05-22;1105058125.281376;1
438;2023-05-29;1091321053.9201815;1
439;2023-06-05;1123310013.4586067;1
440;2023-06-12;1148652802.8364947;1
441;2023-06-19;1085733070.4308639;1
442;2023-06-26;1143184041.6507332;1
443;2023-07-03;1133279749.45711;1
444;2023-07-10;1091140637.1602004;1
445;2023-07-17;1078388370.9609427;1
446;2023-07-24;1054737963.7645115;1
447;2023-07-31;997354238.6058782;1
448;2023-08-07;1042537656.8284022;1
449;2023-08-14;1038139709.2607483;1
450;2023-08-21;1102064684.1403253;1
451;2023-08-28;1078696212.177652;1
452;2023-09-04;1103066538.8536987;1
453;2023-09-11;1076096390.8079395;1
454;2023-09-18;1139203179.1239543;1
455;2023-09-25;1076244344.4827588;1
456;2023-10-02;1199511815.7330098;1
457;2023-10-09;1134051013.6502023;1
458;2023-10-16;1110945140.9327464;1
459;2023-10-23;1164725412.6274378;1
460;2023-10-30;1096571753.8330605;1
461;2023-11-06;1198687797.8874528;1
462;2023-11-13;1193020982.7901855;1
463;2023-11-20;1259019095.2492158;1
464;2023-11-27;1313428956.9503794;1
465;2023-12-04;1354600527.8592904;1
466;2023-12-11;1407423390.6189415;1
467;2023-12-18;1407308090.295503;1
468;2023-12-25;1281980426.771091;1
469;2024-01-01;1142155910.043613;1
470;2024-01-08;1187933437.0781102;1
471;2024-01-15;1287121454.4335935;1
472;2024-01-22;1393151493.5893342;1
473;2024-01-29;1369543853.067425;1
474;2024-02-05;1316673916.6712582;1
475;2024-02-12;1283096819.6907027;1
476;2024-02-19;1205891864.2777689;1
477;2024-02-26;1183794594.7015586;1
478;2024-03-04;1208761862.6583366;1
479;2024-03-11;1236164251.4560096;1
480;2024-03-18;1224701521.2796018;1
481;2024-03-25;1185970993.3893065;1
482;2024-04-01;1229835673.7401114;1
483;2024-04-08;1232137076.255503;1
484;2024-04-15;1077073582.8044624;1
485;2024-04-22;1109503648.6937895;1
486;2024-04-29;1129698975.4640212;1
487;2024-05-06;1092998590.5745726;1
488;2024-05-13;1103600473.0684044;1
489;2024-05-20;1093129764.9435349;1
490;2024-05-27;1080400235.2795923;1
491;2024-06-03;1113448581.202194;1
492;2024-06-10;1139059823.3740814;1
493;2024-06-17;1074590987.977545;1
494;2024-06-24;1132240467.3142574;1
495;2024-07-01;1124383828.4937403;1
496;2024-07-08;1081623989.3305416;1
497;2024-07-15;1067065093.840839;1
498;2024-07-22;1044003442.7398521;1
499;2024-07-29;988056655.3938724;1
500;2024-08-05;1032737406.4649386;1
501;2024-08-12;1028563738.3687322;1
502;2024-08-19;1093573452.8798602;1
503;2024-08-26;1069094438.2592342;1
504;2024-09-02;1093516977.5302784;1
505;2024-09-09;1064589236.8428223;1
506;2024-09-16;1127849133.84827;1
507;2024-09-23;1065328386.2066715;1
508;2024-09-30;1190411890.4128976;1
509;2024-10-07;1122793287.258416;1
510;2024-10-14;1100046877.9864502;1
511;2024-10-21;1156782466.356196;1
512;2024-10-28;1086243989.6600487;1
513;2024-11-04;1185205517.9516191;1
514;2024-11-11;1177817145.1629238;1
515;2024-11-18;1244558141.3282795;1
516;2024-11-25;1299309609.2262144;1
517;2024-12-02;1340142087.7877252;1
518;2024-12-09;1396379256.9541478;1
519;2024-12-16;1398593218.3371959;1
520;2024-12-23;1284585139.3586047;1
521;2024-12-30;1156420761.4422832;1
522;2025-01-06;1201356821.7607725;1
523;2025-01-13;1301950757.6445246;1
524;2025-01-20;1410821098.430174;1
525;2025-01-27;1386491363.4720254;1
526;2025-02-03;1328886702.9360988;1
527;2025-02-10;1296084971.524654;1
528;2025-02-17;1212982254.5268197;1
529;2025-02-24;1187966297.9665003;1
530;2025-03-03;1217627634.2388108;1
531;2025-03-10;1244812116.6712155;1
532;2025-03-17;1236368791.5643718;1
533;2025-03-24;1195566277.6449826;1
534;2025-03-31;1237625011.2989836;1
535;2025-04-07;1243048632.8474307;1
536;2025-04-14;1090554585.1561632;1
537;2025-04-21;1122377211.268312;1
538;2025-04-28;1143492527.1300051;1
539;2025-05-05;1105753427.3338628;1
540;2025-05-12;1113641162.015144;1
541;2025-05-19;1104844363.650884;1
542;2025-05-26;1091125347.894139;1
543;2025-06-02;1123133292.1173313;1
544;2025-06-09;1148480892.2911153;1
545;2025-06-16;1085533399.256885;1
546;2025-06-23;1142987927.8322937;1
547;2025-06-30;1133120330.5163672;1
548;2025-07-07;1090970094.51232;1
549;2025-07-14;1078185452.696307;1
550;2025-07-21;1054545596.2762907;1
551;2025-07-28;997187621.6953604;1
552;2025-08-04;1042362031.8944137;1
553;2025-08-11;1037968103.5166689;1
554;2025-08-18;1101912517.4227116;1
555;2025-08-25;1078524144.0316298;1
556;2025-09-01;1102895406.3810735;1
557;2025-09-08;1075890177.3867953;1
558;2025-09-15;1138999709.4800074;1
559;2025-09-22;1076048725.556654;1
560;2025-09-29;1199348740.9416144;1
561;2025-10-06;1133849270.0843656;1
562;2025-10-13;1110749839.114982;1
563;2025-10-20;1164583071.4256496;1
564;2025-10-27;1096386675.6122127;1
565;2025-11-03;1198446189.3125768;1
566;2025-11-10;1192748523.1202147;1
567;2025-11-17;1258759948.3923922;1
568;2025-11-24;1313175931.8316271;1
569;2025-12-01;1354341426.0517883;1
570;2025-12-08;1407225474.7317035;1
571;2025-12-15;1407151915.835093;1
572;2025-12-22;1282027104.4027102;1
573;2025-12-29;1142411542.6542437;1
574;2026-01-05;1188173990.223322;1
575;2026-01-12;1287387202.2768552;1
576;2026-01-19;1393468140.926768;1
577;2026-01-26;1369847560.144866;1
578;2026-02-02;1316892775.3434381;1
579;2026-02-09;1283329573.2657516;1
580;2026-02-16;1206018927.288739;1
581;2026-02-23;1183869353.517237;1
582;2026-03-02;1208920741.308456;1
583;2026-03-09;1236319225.1251745;1
584;2026-03-16;1224910604.057857;1
585;2026-03-23;1186142945.2376275;1
586;2026-03-30;1229975262.2040646;1
587;2026-04-06;1232332616.3014302;1
588;2026-04-13;1077315168.484451;1
589;2026-04-20;1109734348.7773073;1
590;2026-04-27;1129946162.1695604;1
591;2026-05-04;1093227163.0376022;1
592;2026-05-11;1103780406.7709193;1
593;2026-05-18;1093339695.8686008;1
594;2026-05-25;1080592434.1648343;1
595;2026-06-01;1113622135.616835;1
596;2026-06-08;1139228653.2044728;1
597;2026-06-15;1074787080.9534729;1
598;2026-06-22;1132433066.6840715;1
599;2026-06-29;1124540390.574719;1
600;2026-07-06;1081791475.7767775;1
601;2026-07-13;1067264375.718086;1
602;2026-07-20;1044192362.9153851;1
603;2026-07-27;988220286.4537408;1
604;2026-08-03;1032909884.1204094;1
605;2026-08-10;1028732268.8600008;1
606;2026-08-17;1093722892.700839;1
607;2026-08-24;1069263422.8659931;1
608;2026-08-31;1093685043.231332;1
609;2026-09-07;1064791754.8258773;1
610;2026-09-14;1128048957.2238603;1
611;2026-09-21;1065520499.5528463;1
612;2026-09-28;1190572042.830026;1
613;2026-10-05;1122991415.4879992;1
614;2026-10-12;1100238679.90701;1
615;2026-10-19;1156922256.7390518;1
616;2026-10-26;1086425751.1951883;1
617;2026-11-02;1185442796.7911885;1
618;2026-11-09;1178084722.2319632;1
619;2026-11-16;1244812644.1558247;1
620;2026-11-23;1299558100.0200129;1
621;2026-11-30;1340396546.373253;1
622;2026-12-07;1396573626.0988698;1
623;2026-12-14;1398746594.0804014;1
624;2026-12-21;1284539298.211327;1
625;2026-12-28;1156169709.8840442;1
626;2027-01-04;1201120579.4370887;1
627;2027-01-11;1301689772.1232138;1
628;2027-01-18;1410510125.5567255;1
629;2027-01-25;1386193098.9632382;1
630;2027-02-01;1328671766.310645;1
631;2027-02-08;1295856388.9992964;1
632;2027-02-15;1212857468.542669;1
633;2027-02-22;1187892878.8627253;1
634;2027-03-01;1217471602.7662027;1
635;2027-03-08;1244659920.2005308;1
636;2027-03-15;1236163455.6443875;1
637;2027-03-22;1195397407.2518177;1
638;2027-03-29;1237487924.3236516;1
639;2027-04-05;1242856596.9678652;1
640;2027-04-12;1090317328.8011947;1
641;2027-04-19;1122150645.4349852;1
642;2027-04-26;1143249770.1224053;1
643;2027-05-03;1105528950.9930997;1
644;2027-05-10;1113464452.8062346;1
645;2027-05-17;1104638194.7832644;1
646;2027-05-24;1090936593.300143;1
647;2027-05-31;1122962847.8765614;1
648;2027-06-07;1148315087.9679017;1
649;2027-06-14;1085340820.3560753;1
650;2027-06-21;1142798779.9305906;1
651;2027-06-28;1132966574.0989296;1
652;2027-07-05;1090805609.499208;1
653;2027-07-12;1077989742.040737;1
654;2027-07-19;1054360061.6360375;1
655;2027-07-26;997026922.9783425;1
656;2027-08-02;1042192645.1168016;1
657;2027-08-09;1037802593.168285;1
658;2027-08-16;1101765755.6311424;1
659;2027-08-23;1078358187.7057114;1
660;2027-08-30;1102730352.493653;1
661;2027-09-06;1075691288.6179018;1
662;2027-09-13;1138803467.02999;1
663;2027-09-20;1075860054.9688263;1
664;2027-09-27;1199191458.5284803;1
665;2027-10-04;1133654692.4025695;1
666;2027-10-11;1110561474.3718805;1
667;2027-10-18;1164445786.149893;1
668;2027-10-25;1096208171.3262684;1
669;2027-11-01;1198213162.6174924;1
670;2027-11-08;1192485741.1536825;1
671;2027-11-15;1258510006.3710132;1
672;2027-11-22;1312931894.105622;1
673;2027-11-29;1354091527.4795895;1
674;2027-12-06;1407034588.770262;1
675;2027-12-13;1407001288.6548097;1
676;2027-12-20;1282072124.0558255;1
677;2027-12-27;1142658095.254629;1
678;2028-01-03;1188405998.9773555;1
679;2028-01-10;1287643510.8191855;1
680;2028-01-17;1393773541.0252008;1
681;2028-01-24;1370140479.6182997;1
682;2028-01-31;1317103860.2070227;1
683;2028-02-07;1283554059.488521;1
684;2028-02-14;1206141477.0514243;1
685;2028-02-21;1183941456.9173539;1
686;2028-02-28;1209073976.6262658;1
687;2028-03-06;1236468694.1660357;1
688;2028-03-13;1225112260.2649715;1
689;2028-03-20;1186308789.3967116;1
690;2028-03-27;1230109892.5185869;1
691;2028-04-03;1232521210.810886;1
692;2028-04-10;1077548173.097869;1
693;2028-04-17;1109956854.4480824;1
694;2028-04-24;1130184568.8614178;1
695;2028-05-01;1093447616.6604688;1
696;2028-05-08;1103953949.2706125;1
697;2028-05-15;1093542170.0965507;1
698;2028-05-22;1080777806.1908467;1
699;2028-05-29;1113789525.4194605;1
700;2028-06-05;1139391486.2389703;1
701;2028-06-12;1074976208.7529852;1
702;2028-06-19;1132618824.9695385;1
703;2028-06-26;1124691391.6073794;1
704;2028-07-03;1081953013.1438093;1
705;2028-07-10;1067456579.1498922;1
706;2028-07-17;1044374572.6906872;1
707;2028-07-24;988378105.3768227;1
708;2028-07-31;1033076235.4100969;1
709;2028-08-07;1028894813.187831;1
710;2028-08-14;1093867024.4545012;1
711;2028-08-21;1069426405.179238;1
712;2028-08-28;1093847139.2781866;1
713;2028-09-04;1064987079.4177742;1
714;2028-09-11;1128241682.9201162;1
715;2028-09-18;1065705789.0781194;1
716;2028-09-25;1190726506.6709402;1
717;2028-10-02;1123182506.2494357;1
718;2028-10-09;1100423669.0684328;1
719;2028-10-16;1157057081.8003652;1
720;2028-10-23;1086601056.6033208;1
721;2028-10-30;1185671647.5421462;1
722;2028-11-06;1178342795.0264015;1
723;2028-11-13;1245058107.1027539;1
724;2028-11-20;1299797764.4792206;1
725;2028-11-27;1340641966.649631;1
726;2028-12-04;1396761091.297256;1
727;2028-12-11;1398894521.9532578;1
728;2028-12-18;1284495085.3308263;1
729;2028-12-25;1155927575.6181467;1
730;2029-01-01;1200892728.3852158;1
731;2029-01-08;1301438056.7462778;1
732;2029-01-15;1410210198.3666508;1
733;2029-01-22;1385905428.7396991;1
734;2029-01-29;1328464464.1836088;1
735;2029-02-05;1295635925.6715136;1
736;2029-02-12;1212737114.9273458;1
737;2029-02-19;1187822067.58826;1
738;2029-02-26;1217321113.494828;1
739;2029-03-05;1244513129.7127125;1
740;2029-03-12;1235965413.2080188;1
741;2029-03-19;1195234535.0953267;1
742;2029-03-26;1237355706.6454625;1
743;2029-04-02;1242671382.1576056;1
744;2029-04-09;1090088499.7361898;1
745;2029-04-16;1121932127.1668062;1
746;2029-04-23;1143015635.786658;1
747;2029-04-30;1105312447.9991994;1
748;2029-05-07;1113294020.2668917;1
749;2029-05-14;1104439348.985365;1
750;2029-05-21;1090754543.2249608;1
751;2029-05-28;1122798457.7751627;1
752;2029-06-04;1148155172.9752781;1
753;2029-06-11;1085155081.8125584;1
754;2029-06-18;1142616350.5178988;1
755;2029-06-25;1132818279.0733006;1
756;2029-07-02;1090646966.9551013;1
757;2029-07-09;1077800982.981653;1
758;2029-07-16;1054181117.142598;1
759;2029-07-23;996871932.2419826;1
760;2029-07-30;1042029274.9177176;1
761;2029-08-06;1037642961.7085742;1
762;2029-08-13;1101624206.7839148;1
763;2029-08-20;1078198126.1094832;1
764;2029-08-27;1102571161.2815197;1
765;2029-09-03;1075499464.3313324;1
766;2029-09-10;1138614195.0656724;1
767;2029-09-17;1075678085.915933;1
768;2029-09-24;1199039762.749693;1
769;2029-10-01;1133467026.0742972;1
770;2029-10-08;1110379800.300181;1
771;2029-10-15;1164313377.2148638;1
772;2029-10-22;1096036007.4706054;1
773;2029-10-29;1197988412.975847;1
774;2029-11-05;1192232293.1408372;1
775;2029-11-12;1258268942.231487;1
776;2029-11-19;1312696524.542286;1
777;2029-11-26;1353850505.245939;1
778;2029-12-03;1406850483.0333052;1
779;2029-12-10;1406856011.7165666;1
780;2029-12-17;1282115544.6214433;1
781;2029-12-24;1142895890.364598;1
782;2029-12-31;1188629766.834977;1
783;2030-01-07;1287890715.3423352;1
784;2030-01-14;1394068093.3839188;1
785;2030-01-21;1370422994.6608849;1
786;2030-01-28;1317307447.3858662;1
787;2030-02-04;1283770572.0134213;1
788;2030-02-11;1206259673.875343;1
789;2030-02-18;1184010999.2216458;1
790;2030-02-25;1209221769.0616033;1
791;2030-03-04;1236612854.1016967;1
792;2030-03-11;1225306753.6910064;1
793;2030-03-18;1186468742.810245;1
794;2030-03-25;1230239740.795981;1
795;2030-04-01;1232703106.4876928;1
796;2030-04-08;1077772901.4421835;1
797;2030-04-15;1110171456.7697294;1
798;2030-04-22;1130414507.4036157;1
799;2030-04-29;1093660239.8224666;1
800;2030-05-06;1104121327.581506;1
801;2030-05-13;1093737452.4875133;1
802;2030-05-20;1080956593.8460653;1
803;2030-05-27;1113950969.5756402;1
804;2030-06-03;1139548535.4823546;1
805;2030-06-10;1075158618.7775116;1
806;2030-06-17;1132797985.1643662;1
807;2030-06-24;1124837029.1188512;1
808;2030-07-01;1082108812.7415318;1
809;2030-07-08;1067641955.5609763;1
810;2030-07-15;1044550310.417597;1
811;2030-07-22;988530318.6088505;1
812;2030-07-29;1033236677.9410739;1
813;2030-08-05;1029051583.9793411;1
814;2030-08-12;1094006036.68215;1
815;2030-08-19;1069583598.3990239;1
816;2030-08-26;1094003477.7115557;1
817;2030-09-02;1065175466.1260757;1
818;2030-09-09;1128427563.0449393;1
819;2030-09-16;1065884497.163005;1
820;2030-09-23;1190875483.99253;1
821;2030-09-30;1123366809.5119398;1
822;2030-10-07;1100602087.4583216;1
823;2030-10-14;1157187117.9071898;1
824;2030-10-21;1086770135.2045605;1
825;2030-10-28;1185892369.5682192;1
826;2030-11-04;1178591701.135839;1
827;2030-11-11;1245294851.2635016;1
828;2030-11-18;1300028916.1131682;1
829;2030-11-25;1340878669.6554756;1
830;2030-12-02;1396941897.7758572;1
831;2030-12-09;1399037195.4628391;1
832;2030-12-16;1284452442.881449;1
833;2030-12-23;1155694041.9044626;1
834;2030-12-30;1200672970.5491512;1
835;2031-01-06;1301195282.2403677;1
836;2031-01-13;1409920924.5198727;1
837;2031-01-20;1385627976.4948862;1
838;2031-01-27;1328264525.3794005;1
839;2031-02-03;1295423293.1493158;1
840;2031-02-10;1212621036.2441506;1
841;2031-02-17;1187753771.5136201;1
842;2031-02-24;1217175969.5670016;1
843;2031-03-03;1244371553.18852;1
844;2031-03-10;1235774405.192442;1
845;2031-03-17;1195077448.1195529;1
846;2031-03-24;1237228185.3081262;1
847;2031-03-31;1242492746.1338737;1
848;2031-04-07;1089867798.6257899;1
849;2031-04-14;1121721370.6161525;1
850;2031-04-21;1142789817.8474855;1
851;2031-04-28;1105103635.1407557;1
852;2031-05-05;1113129641.4512877;1
853;2031-05-12;1104247566.1434698;1
854;2031-05-19;1090578959.52566;1
855;2031-05-26;1122639906.7715273;1
856;2031-06-02;1148000938.125606;1
857;2031-06-09;1084975940.6584513;1
858;2031-06-16;1142440400.9550674;1
859;2031-06-23;1132675251.4521265;1
860;2031-06-30;1090493959.3568738;1
861;2031-07-07;1077618928.5999818;1
862;2031-07-14;1054008528.7155064;1
863;2031-07-21;996722446.7401491;1
864;2031-07-28;1041871707.5897065;1
865;2031-08-04;1037489000.3207926;1
866;2031-08-11;1101487685.718471;1
867;2031-08-18;1078043749.8635323;1
868;2031-08-25;1102417624.5038247;1
869;2031-09-01;1075314453.5983357;1
870;2031-09-08;1138431645.9970407;1
871;2031-09-15;1075502580.3610282;1
872;2031-09-22;1198893455.1693134;1
873;2031-09-29;1133286025.609896;1
874;2031-10-06;1110204579.2488072;1
875;2031-10-13;1164185671.4140851;1
876;2031-10-20;1095869958.83463;1
877;2031-10-27;1197771646.3886478;1
878;2031-11-03;1191987847.5418377;1
879;2031-11-10;1258036440.6335373;1
880;2031-11-17;1312469515.250518;1
881;2031-11-24;1353618044.065378;1
882;2031-12-01;1406672916.6888528;1
883;2031-12-08;1406715894.981024;1
884;2031-12-15;1282157422.898776;1
885;2031-12-22;1143125239.0481522;1
886;2031-12-29;1188845586.5108902;1
887;2032-01-05;1288129139.2189257;1
888;2032-01-12;1394352183.3120866;1
889;2032-01-19;1370695474.8355596;1
890;2032-01-26;1317503803.1959682;1
891;2032-02-02;1283979394.064326;1
892;2032-02-09;1206373672.3758574;1
893;2032-02-16;1184078071.3996346;1
894;2032-02-23;1209364311.944375;1
895;2032-03-01;1236751893.5103266;1
896;2032-03-08;1225494338.7562623;1
897;2032-03-15;1186623014.7161252;1
898;2032-03-22;1230364976.8930814;1
899;2032-03-29;1232878541.2728124;1
900;2032-04-05;1077989647.4885283;1
901;2032-04-12;1110378436.4673517;1
902;2032-04-19;1130636278.5828393;1
903;2032-04-26;1093865310.6597252;1
904;2032-05-03;1104282760.6541371;1
905;2032-05-10;1093925798.493848;1
906;2032-05-17;1081129031.0057926;1
907;2032-05-24;1114106679.2733378;1
908;2032-05-31;1139700006.373527;1
909;2032-06-07;1075334549.6408405;1
910;2032-06-14;1132970781.6311836;1
911;2032-06-21;1124977493.620146;1
912;2032-06-28;1082259078.3741624;1
913;2032-07-05;1067820747.4455094;1
914;2032-07-12;1044719805.9817524;1
915;2032-07-19;988677125.2626528;1
916;2032-07-26;1033391421.591061;1
917;2032-08-02;1029202786.3091842;1
918;2032-08-09;1094140111.228146;1
919;2032-08-16;1069735208.1525897;1
920;2032-08-23;1094154263.0405176;1
921;2032-08-30;1065357161.3827771;1
922;2032-09-06;1128606840.7514179;1
923;2032-09-13;1066056857.578719;1
924;2032-09-20;1191019169.6746728;1
925;2032-09-27;1123544566.3658783;1
926;2032-10-04;1100774168.468937;1
927;2032-10-11;1157312535.1620638;1
928;2032-10-18;1086933208.1736243;1
929;2032-10-25;1186105251.5998046;1
930;2032-11-01;1178831766.158772;1
931;2032-11-08;1245523186.3273041;1
932;2032-11-15;1300251857.2954078;1
933;2032-11-22;1341106965.0261872;1
934;2032-11-29;1397116282.0508351;1
935;2032-12-06;1399174801.2428942;1
936;2032-12-13;1284411315.081851;1
937;2032-12-20;1155468803.2533987;1
938;2032-12-27;1200461018.4597719;1
939;2033-01-03;1300961131.0278456;1
940;2033-01-10;1409641925.6121411;1
941;2033-01-17;1385360379.2885964;1
942;2033-01-24;1328071688.354524;1
943;2033-01-31;1295218213.2843294;1
944;2033-02-07;1212509080.6484995;1
945;2033-02-14;1187687901.2994993;1
946;2033-02-21;1217035981.117377;1
947;2033-02-28;1244235005.4291906;1
948;2033-03-07;1235590181.7366838;1
949;2033-03-14;1194925940.8362367;1
950;2033-03-21;1237105193.4987195;1
951;2033-03-28;1242320455.219718;1
952;2033-04-04;1089654936.7669578;1
953;2033-04-11;1121518100.088642;1
954;2033-04-18;1142572020.908436;1
955;2033-04-25;1104902239.2659645;1
956;2033-05-02;1112971101.3325787;1
957;2033-05-09;1104062595.3830423;1
958;2033-05-16;1090409612.5180893;1
959;2033-05-23;1122486987.462275;1
960;2033-05-30;1147852181.661543;1
961;2033-06-06;1084803162.556033;1
962;2033-06-13;1142270701.0793526;1
963;2033-06-20;1132537304.1384394;1
964;2033-06-27;1090346386.5525725;1
965;2033-07-04;1077443340.7471573;1
966;2033-07-11;1053842070.5887799;1
967;2033-07-18;996578270.9282056;1
968;2033-07-25;1041719737.0161518;1
969;2033-08-01;1037340507.6053177;1
970;2033-08-08;1101356013.849184;1
971;2033-08-15;1077894857.025553;1
972;2033-08-22;1102269541.3163865;1
973;2033-08-29;1075136014.4030902;1
974;2033-09-05;1138255581.0284204;1
975;2033-09-12;1075333308.722183;1
976;2033-09-19;1198752344.399801;1
977;2033-09-26;1133111454.239448;1
978;2033-10-03;1110035582.0079944;1
979;2033-10-10;1164062501.6933346;1
980;2033-10-17;1095709808.2071764;1
981;2033-10-24;1197562579.2996771;1
982;2033-10-31;1191752084.5930603;1
983;2033-11-07;1257812197.4376996;1
984;2033-11-14;1312250569.2754378;1
985;2033-11-21;1353393839.8513126;1
986;2033-11-28;1406501657.45922;1
987;2033-12-05;1406580755.1589947;1
988;2033-12-12;1282197813.6695411;1
989;2033-12-19;1143346441.3203728;1
990;2033-12-26;1189053740.3226414;1
991;2034-01-02;1288359094.3354588;1
992;2034-01-09;1394626182.4327784;1
993;2034-01-16;1370958276.5784736;1
994;2034-01-23;1317693184.493847;1
995;2034-01-30;1284180798.8050642;1
996;2034-02-06;1206483621.6764274;1
997;2034-02-13;1184142761.189626;1
998;2034-02-20;1209501791.737454;1
999;2034-02-27;1236885994.2718418;1
1000;2034-03-06;1225675260.8440902;1
1001;2034-03-13;1186771806.9201686;1
1002;2034-03-20;1230485764.6334484;1
1003;2034-03-27;1233047744.6555986;1
1004;2034-04-03;1078198694.7662506;1
1005;2034-04-10;1110578064.2947628;1
1006;2034-04-17;1130850172.5019019;1
1007;2034-04-24;1094063097.429044;1
1008;2034-05-01;1104438459.6619718;1
1009;2034-05-08;1094107454.4943066;1
1010;2034-05-15;1081295343.238136;1
1011;2034-05-22;1114256858.1991713;1
1012;2034-05-29;1139846097.0542464;1
1013;2034-06-05;1075504231.4812548;1
1014;2034-06-12;1133137440.4081137;1
1015;2034-06-19;1125112968.8553696;1
1016;2034-06-26;1082404006.6068404;1
1017;2034-07-03;1067993188.6843271;1
1018;2034-07-10;1044883281.1033072;1
1019;2034-07-17;988818717.3786174;1
1020;2034-07-24;1033540668.7829715;1
1021;2034-07-31;1029348617.9678098;1
1022;2034-08-07;1094269423.4777813;1
1023;2034-08-14;1069881432.7633432;1
1024;2034-08-21;1094299692.5100353;1
1025;2034-08-28;1065532402.866666;1
1026;2034-09-04;1128779750.5558996;1
1027;2034-09-11;1066223095.7929785;1
1028;2034-09-18;1191157751.6751578;1
1029;2034-09-25;1123716009.3381453;1
1030;2034-10-02;1100940137.202501;1
1031;2034-10-09;1157433497.6255229;1
1032;2034-10-16;1087090488.8291554;1
1033;2034-10-23;1186310572.1116638;1
1034;2034-10-30;1179063304.1285152;1
1035;2034-11-06;1245743410.983308;1
1036;2034-11-13;1300466879.6592543;1
1037;2034-11-20;1341327151.3989897;1
1038;2034-11-27;1397284472.237353;1
1039;2034-12-04;1399307519.2979844;1
1040;2034-12-11;1284371648.132028;1
1041;2034-12-18;1155251565.0262806;1
1042;2034-12-25;1200256594.8587902;1
1043;2035-01-01;1300735296.8113575;1
1044;2035-01-08;1409372836.6800363;1
1045;2035-01-15;1385102287.072178;1
1046;2035-01-22;1327885700.8554468;1
1047;2035-01-29;1295020417.8079455;1
1048;2035-02-05;1212401101.689292;1
1049;2035-02-12;1187624370.779902;1
1050;2035-02-19;1216900965.02458;1
1051;2035-02-26;1244103307.8141785;1
1052;2035-03-05;1235412501.8547745;1
1053;2035-03-12;1194779815.0560136;1
1054;2035-03-19;1236986570.3294747;1
1055;2035-03-26;1242154284.0383377;1
1056;2035-04-02;1089449635.7113202;1
1057;2035-04-09;1121322049.6824915;1
1058;2035-04-16;1142361960.0654707;1
1059;2035-04-23;1104707996.9253097;1
1060;2035-04-30;1112818192.521623;1
1061;2035-05-07;1103884194.7405498;1
1062;2035-05-14;1090246280.676424;1
1063;2035-05-21;1122339499.8109453;1
1064;2035-05-28;1147708708.9921196;1
1065;2035-06-04;1084636521.4912026;1
1066;2035-06-11;1142107028.903337;1
1067;2035-06-18;1132404256.6809113;1
1068;2035-06-25;1090204055.4995944;1
1069;2035-07-02;1077273989.7335951;1
1070;2035-07-09;1053681525.0155904;1
1071;2035-07-16;996439216.2072153;1
1072;2035-07-23;1041573164.4016504;1
1073;2035-07-30;1037197289.3161949;1
1074;2035-08-06;1101229018.9337459;1
1075;2035-08-13;1077751252.8261828;1
1076;2035-08-20;1102126718.0089605;1
1077;2035-08-27;1074963913.3261194;1
1078;2035-09-03;1138085769.8461032;1
1079;2035-09-10;1075170049.572164;1
1080;2035-09-17;1198616245.851655;1
1081;2035-09-24;1132943083.6030471;1
1082;2035-10-01;1109872587.509454;1
1083;2035-10-08;1163943706.932115;1
1084;2035-10-15;1095555346.0923681;1
1085;2035-10-22;1197360938.2245674;1
1086;2035-10-29;1191524695.8888094;1
1087;2035-11-05;1257595919.3074718;1
1088;2035-11-12;1312039400.2099311;1
1089;2035-11-19;1353177599.318234;1
1090;2035-11-26;1406336481.3171709;1
1091;2035-12-03;1406450415.4716806;1
1092;2035-12-10;1282236769.7696218;1
1093;2035-12-17;1143559786.5398757;1
1094;2035-12-24;1189254500.5599236;1
1095;2035-12-31;1288580881.5003011;1
1096;2036-01-07;1394890449.1691039;1
1097;2036-01-14;1371211743.6652482;1
1098;2036-01-21;1317875839.0125372;1
1099;2036-01-28;1284375049.6967494;1
1100;2036-02-04;1206589665.603684;1
1101;2036-02-11;1184205153.2134814;1
1102;2036-02-18;1209634388.2805958;1
1103;2036-02-25;1237015331.805827;1
1104;2036-03-03;1225849756.6218827;1
1105;2036-03-10;1186915314.0600965;1
1106;2036-03-17;1230602262.0216675;1
1107;2036-03-24;1233210937.9739978;1
1108;2036-03-31;1078400316.7338028;1
1109;2036-04-07;1110770601.388665;1
1110;2036-04-14;1131056468.959233;1
1111;2036-04-21;1094253858.8588045;1
1112;2036-04-28;1104588628.2776437;1
1113;2036-05-05;1094282658.1163254;1
1114;2036-05-12;1081455748.0990767;1
1115;2036-05-19;1114401702.8048573;1
1116;2036-05-26;1139986998.628324;1
1117;2036-06-02;1075667886.2625797;1
1118;2036-06-09;1133298179.5044587;1
1119;2036-06-16;1125243632.0420802;1
1120;2036-06-23;1082543787.0227575;1
1121;2036-06-30;1068159504.8508728;1
1122;2036-07-07;1045040949.6269677;1
1123;2036-07-14;988955280.1759028;1
1124;2036-07-21;1033684614.7497044;1
1125;2036-07-28;1029489269.7201973;1
1126;2036-08-04;1094394142.586703;1
1127;2036-08-11;1070022463.5102913;1
1128;2036-08-18;1094439956.3589773;1
1129;2036-08-25;1065701419.8142359;1
1130;2036-09-01;1128946518.644767;1
1131;2036-09-08;1066383429.2649403;1
1132;2036-09-15;1191291411.275558;1
1133;2036-09-22;1123881362.696333;1
1134;2036-09-29;1101100210.7656584;1
1135;2036-10-06;1157550163.5307107;1
1136;2036-10-13;1087242182.9127696;1
1137;2036-10-20;1186508599.6872003;1
1138;2036-10-27;1179286617.9239938;1
1139;2036-11-03;1245955813.3112926;1
1140;2036-11-10;1300674264.479276;1
1141;2036-11-17;1341539516.803583;1
1142;2036-11-24;1397446688.3479774;1
1143;2036-12-01;1399435523.238952;1
1144;2036-12-08;1284333390.1429393;1
1145;2036-12-15;1155042043.04993;1
1146;2036-12-22;1200059432.3360677;1
1147;2036-12-29;1300517484.173159;1
1148;2037-01-05;1409113305.7235532;1
1149;2037-01-12;1384853362.2306247;1
1150;2037-01-19;1327706319.5886223;1
1151;2037-01-26;1294829647.9803927;1
1152;2037-02-02;1212296958.117336;1
1153;2037-02-09;1187563096.8494284;1
1154;2037-02-16;1216770744.671665;1
1155;2037-02-23;1243976288.0674975;1
1156;2037-03-02;1235241133.1205087;1
1157;2037-03-09;1194638879.6291587;1
1158;2037-03-16;1236872160.6273205;1
1159;2037-03-23;1241994015.2182634;1
1160;2037-03-30;1089251626.900925;1
1161;2037-04-06;1121132962.9406881;1
1162;2037-04-13;1142159360.5342746;1
1163;2037-04-20;1104520654.02694;1
1164;2037-04-27;1112670714.9956925;1
1165;2037-05-04;1103712130.8469472;1
1166;2037-05-11;1090088750.3433852;1
1167;2037-05-18;1122197250.8863254;1
1168;2037-05-25;1147570332.4381924;1
1169;2037-06-01;1084475799.4778275;1
1170;2037-06-08;1141949170.324544;1
1171;2037-06-15;1132275935.037803;1
1172;2037-06-22;1090066780.0121646;1
1173;2037-06-29;1077110654.0282304;1
1174;2037-07-06;1053526681.983426;1
1175;2037-07-13;996305100.6772312;1
1176;2037-07-20;1041431798.0119659;1
1177;2037-07-27;1037059158.1070396;1
1178;2037-08-03;1101106534.8478553;1
1179;2037-08-10;1077612749.4142215;1
1180;2037-08-17;1101988967.751845;1
1181;2037-08-24;1074797925.238952;1
1182;2037-08-31;1137921990.3170698;1
1183;2037-09-07;1075012589.3487813;1
1184;2037-09-14;1198484981.4919505;1
1185;2037-09-21;1132780693.4520774;1
1186;2037-09-28;1109715382.5371919;1
1187;2037-10-05;1163829131.7328925;1
1188;2037-10-12;1095406370.435573;1
1189;2037-10-19;1197166459.3930519;1
1190;2037-10-26;1191305383.977888;1
1191;2037-11-02;1257387323.3255959;1
1192;2037-11-09;1311835731.8199983;1
1193;2037-11-16;1352969039.5980651;1
1194;2037-11-23;1406177172.1928647;1
1195;2037-11-30;1406324705.419425;1
1196;2037-12-07;1282274342.158184;1
1197;2037-12-14;1143765553.7873263;1
1198;2037-12-21;1189448129.8407643;1
1199;2037-12-28;1288794790.8371773;1
1200;2038-01-04;1395145329.2130685;1
1201;2038-01-11;1371456207.6606755;1
1202;2038-01-18;1318052005.6856546;1
1203;2038-01-25;1284562400.842419;1
1204;2038-02-01;1206691942.8755686;1
1205;2038-02-08;1184265329.0873141;1
1206;2038-02-15;1209762275.0256908;1
1207;2038-02-22;1237140075.3010044;1
1208;2038-03-01;1226018054.3506613;1
1209;2038-03-08;1187053723.8601441;1
1210;2038-03-15;1230714621.4500387;1
1211;2038-03-22;1233368334.7040846;1
1212;2038-03-29;1078594777.136457;1
1213;2038-04-05;1110956299.6102455;1
1214;2038-04-12;1131255437.8148878;1
1215;2038-04-19;1094437844.4874165;1
1216;2038-04-26;1104733462.9393823;1
1217;2038-05-03;1094451638.54687;1
1218;2038-05-10;1081610455.4170582;1
1219;2038-05-17;1114541402.5641937;1
1220;2038-05-24;1140122895.411608;1
1221;2038-05-31;1075825728.064537;1
1222;2038-06-07;1133453209.1858816;1
1223;2038-06-14;1125369654.1031098;1
1224;2038-06-21;1082678602.4711554;1
1225;2038-06-28;1068319913.5062736;1
1226;2038-07-05;1045193017.8017261;1
1227;2038-07-12;989086992.2947265;1
1228;2038-07-19;1033823447.7895321;1
1229;2038-07-26;1029624925.5553988;1
1230;2038-08-02;1094514431.70219;1
1231;2038-08-09;1070158484.8782557;1
1232;2038-08-16;1094575238.0689726;1
1233;2038-08-23;1065864433.3195539;1
1234;2038-08-30;1129107363.1703153;1
1235;2038-09-06;1066538067.7296628;1
1236;2038-09-13;1191420323.318367;1
1237;2038-09-20;1124040842.7421026;1
1238;2038-09-27;1101254598.553476;1
1239;2038-10-04;1157662685.4903674;1
1240;2038-10-11;1087388488.8581877;1
1241;2038-10-18;1186699593.3697982;1
1242;2038-10-25;1179501999.6659448;1
1243;2038-11-01;1246160671.1585102;1
1244;2038-11-08;1300874283.0392342;1
1245;2038-11-15;1341744339.0389192;1
1246;2038-11-22;1397603142.5804799;1
1247;2038-11-29;1399558980.5100224;1
1248;2038-12-06;1284296491.068631;1
1249;2038-12-13;1154839963.2449334;1
1250;2038-12-20;1199869272.979811;1
1251;2038-12-27;1300307408.1886744;1
1252;2039-01-03;1408862993.2456443;1
1253;2039-01-10;1384613279.1409361;1
1254;2039-01-17;1327533309.9022336;1
1255;2039-01-24;1294645654.252276;1
1256;2039-01-31;1212196513.700578;1
1257;2039-02-07;1187503999.3545632;1
1258;2039-02-14;1216645149.7150786;1
1259;2039-02-21;1243853780.0323637;1
1260;2039-02-28;1235075851.3634055;1
1261;2039-03-07;1194502950.1955402;1
1262;2039-03-14;1236761814.730896;1
1263;2039-03-21;1241839439.1090083;1
1264;2039-03-28;1089060651.316935;1
1265;2039-04-04;1120950592.5155103;1
1266;2039-04-11;1141963957.2908077;1
1267;2039-04-18;1104339965.5042877;1
1268;2039-04-25;1112528475.83682;1
1269;2039-05-02;1103546178.6224036;1
1270;2039-05-09;1089936815.4507499;1
1271;2039-05-16;1122060054.6100738;1
1272;2039-05-23;1147436870.9869366;1
1273;2039-05-30;1084320786.2725916;1
1274;2039-06-06;1141796918.8453665;1
1275;2039-06-13;1132152171.3492973;1
1276;2039-06-20;1089934380.5177832;1
1277;2039-06-27;1076953119.9687297;1
1278;2039-07-04;1053377338.9393697;1
1279;2039-07-11;996175748.8993496;1
1280;2039-07-18;1041295452.9232161;1
1281;2039-07-25;1036925933.2859672;1
1282;2039-08-01;1100988401.3679068;1
1283;2039-08-08;1077479165.6108992;1
1284;2039-08-15;1101856110.3514853;1
1285;2039-08-22;1074637833.0096269;1
1286;2039-08-29;1137764028.1984127;1
1287;2039-09-05;1074860722.0755236;1
1288;2039-09-12;1198358379.6114502;1
1289;2039-09-19;1132624071.3611019;1
1290;2039-09-26;1109563761.4485948;1
1291;2039-10-03;1163718626.2178166;1
1292;2039-10-10;1095262686.3590922;1
1293;2039-10-17;1196978888.4039214;1
1294;2039-10-24;1191093861.974496;1
1295;2039-10-31;1257186136.6239676;1
1296;2039-11-07;1311639297.6834054;1
1297;2039-11-14;1352767887.8701367;1
1298;2039-11-21;1406023521.6912098;1
1299;2039-11-28;1406203460.5586786;1
1300;2039-12-05;1282310579.9843354;1
1301;2039-12-12;1143964012.230511;1
1302;2039-12-19;1189634881.45506;1
1303;2039-12-26;1289001102.1646848;1
1304;2040-01-02;1395391155.9777784;1
1305;2040-01-09;1371691988.352444;1
1306;2040-01-16;1318221914.9599493;1
1307;2040-01-23;1284743097.319429;1
1308;2040-01-30;1206790587.2827952;1
1309;2040-02-06;1184323367.528252;1
1310;2040-02-13;1209885619.2636585;1
1311;2040-02-20;1237260387.936553;1
1312;2040-02-27;1226180374.1836703;1
1313;2040-03-05;1187187217.3766258;1
1314;2040-03-12;1230822989.897923;1
1315;2040-03-19;1233520140.7393131;1
1316;2040-03-26;1078782330.3513148;1
1317;2040-04-02;1111135401.874642;1
1318;2040-04-09;1131447339.3435552;1
1319;2040-04-16;1094615294.9897442;1
1320;2040-04-23;1104873153.107978;1
1321;2040-04-30;1094614616.8322387;1
1322;2040-05-07;1081759667.5674675;1
1323;2040-05-14;1114676140.2209134;1
1324;2040-05-21;1140253965.1730907;1
1325;2040-05-28;1075977963.3627882;1
1326;2040-06-04;1133602732.2494586;1
1327;2040-06-11;1125491199.890152;1
1328;2040-06-18;1082808629.306513;1
1329;2040-06-25;1068474624.4839369;1
1330;2040-07-02;1045339684.5506592;1
1331;2040-07-09;989214026.030047;1
1332;2040-07-16;1033957349.5124164;1
1333;2040-07-23;1029755762.9272186;1
1334;2040-07-30;1094630448.1765673;1
1335;2040-08-06;1070289674.7992004;1
1336;2040-08-13;1094705714.6044254;1
1337;2040-08-20;1066021656.6234777;1
1338;2040-08-27;1129262494.5361207;1
1339;2040-09-03;1066687213.4724643;1
1340;2040-09-10;1191544656.435715;1
1341;2040-09-17;1124194658.0941308;1
1342;2040-09-24;1101403502.5233579;1
1343;2040-10-01;1157771210.6964645;1
1344;2040-10-08;1087529598.0508125;1
1345;2040-10-15;1186883803.0016813;1
1346;2040-10-22;1179709731.099045;1
1347;2040-10-29;1246358252.5031443;1
1348;2040-11-05;1301067196.986955;1
1349;2040-11-12;1341941886.0365977;1
1350;2040-11-19;1397754039.5954168;1
1351;2040-11-26;1399678052.607842;1
1352;2040-12-03;1284260902.6407692;1
1353;2040-12-10;1154645061.2671132;1
1354;2040-12-17;1199685868.0391936;1
1355;2040-12-24;1300104794.0537825;1
1356;2040-12-31;1408621571.8081172;1
1357;2041-01-07;1384381723.746164;1
1358;2041-01-14;1327366445.4792414;1
1359;2041-01-21;1294468195.938136;1
1360;2041-01-28;1212099637.0458946;1
1361;2041-02-04;1187447000.9888256;1
1362;2041-02-11;1216524015.8618302;1
1363;2041-02-18;1243735623.4538436;1
1364;2041-02-25;1234916440.3754666;1
1365;2041-03-04;1194371848.943455;1
1366;2041-03-11;1236655388.2947767;1
1367;2041-03-18;1241690353.5068226;1
1368;2041-03-25;1088876459.1408017;1
1369;2041-04-01;1120774699.8449707;1
1370;2041-04-08;1141775494.7246213;1
1371;2041-04-15;1104165694.995491;1
1372;2041-04-22;1112391288.9794385;1
1373;2041-04-29;1103386120.9818702;1
1374;2041-05-06;1089790277.2497902;1
1375;2041-05-13;1121927731.513308;1
1376;2041-05-20;1147308150.0550606;1
1377;2041-05-27;1084171279.0999713;1
1378;2041-06-03;1141650075.3029442;1
1379;2041-06-10;1132032803.717918;1
1380;2041-06-17;1089806683.8223228;1
1381;2041-06-24;1076801181.4819958;1
1382;2041-07-01;1053233300.5251367;1
1383;2041-07-08;996050991.6662154;1
1384;2041-07-15;1041163950.7799722;1
1385;2041-07-22;1036797440.5792261;1
1386;2041-07-29;1100874463.9614;1
1387;2041-08-05;1077350326.6728735;1
1388;2041-08-12;1101727972.0147595;1
1389;2041-08-19;1074483427.2186594;1
1390;2041-08-26;1137611676.8570828;1
1391;2041-09-02;1074714249.092117;1
1392;2041-09-09;1198236274.5999887;1
1393;2041-09-16;1132473012.4499855;1
1394;2041-09-23;1109417525.9054277;1
1395;2041-09-30;1163612045.832663;1
1396;2041-10-07;1095124105.9072363;1
1397;2041-10-14;1196797979.8922381;1
1398;2041-10-21;1190889853.1829479;1
1399;2041-10-28;1256992096.0266943;1
1400;2041-11-04;1311449840.8411746;1
1401;2041-11-11;1352573881.0043056;1
1402;2041-11-18;1405875328.8192596;1
1403;2041-11-25;1406086522.2868886;1
1404;2041-12-02;1282345530.6514194;1
1405;2041-12-09;1144155421.4764395;1
1406;2041-12-16;1189814999.6959102;1
1407;2041-12-23;1289200085.3623304;1
1408;2041-12-30;1395628251.033585;1
1409;2042-01-06;1371919394.1694586;1
1410;2042-01-13;1318385789.0967565;1
1411;2042-01-20;1284917375.5000467;1
1412;2042-01-27;1206885727.8638625;1
1413;2042-02-03;1184379344.4574091;1
1414;2042-02-10;1210004582.3432844;1
1415;2042-02-17;1237376427.095565;1
1416;2042-02-24;1226336928.4543626;1
1417;2042-03-03;1187315969.2347784;1
1418;2042-03-10;1230927509.1240094;1
1419;2042-03-17;1233666554.6598508;1
1420;2042-03-24;1078963221.7200634;1
1421;2042-03-31;1111308142.4687033;1
1422;2042-04-07;1131632424.5750291;1
1423;2042-04-14;1094786442.4919372;1
1424;2042-04-21;1105007881.514618;1
1425;2042-04-28;1094771806.1672175;1
1426;2042-05-05;1081903579.737365;1
1427;2042-05-12;1114806092.0277352;1
1428;2042-05-19;1140380379.3674521;1
1429;2042-05-26;1076124791.299027;1
1430;2042-06-02;1133746944.2889612;1
1431;2042-06-09;1125608428.3994067;1
1432;2042-06-16;1082934037.6192405;1
1433;2042-06-23;1068623840.1640371;1
1434;2042-06-30;1045481141.7311428;1
1435;2042-07-07;989336547.556947;1
1436;2042-07-14;1034086495.077576;1
1437;2042-07-21;1029881952.9863431;1
1438;2042-07-28;1094742343.7730434;1
1439;2042-08-04;1070416204.8849881;1
1440;2042-08-11;1094831556.644006;1
1441;2042-08-18;1066173295.3925999;1
1442;2042-08-25;1129412115.6722748;1
1443;2042-09-01;1066831061.5935369;1
1444;2042-09-08;1191664573.269958;1
1445;2042-09-15;1124343009.9610078;1
1446;2042-09-22;1101547117.4592278;1
1447;2042-09-29;1157875881.1127486;1
1448;2042-10-06;1087665695.0780814;1
1449;2042-10-13;1187061469.5507367;1
1450;2042-10-20;1179910083.9604666;1
1451;2042-10-27;1246548815.8048565;1
1452;2042-11-03;1301253258.6765952;1
1453;2042-11-10;1342132416.2113502;1
1454;2042-11-17;1397899576.78385;1
1455;2042-11-24;1399792895.2927334;1
1456;2042-12-01;1284226578.3055005;1
1457;2042-12-08;1154457082.1617358;1
1458;2042-12-15;1199508977.5989594;1
1459;2042-12-22;1299909376.7253394;1
1460;2042-12-29;1408388725.6033075;1
1461;2043-01-05;1384158393.1445897;1
1462;2043-01-12;1327205508.041334;1
1463;2043-01-19;1294297040.9016047;1
1464;2043-01-26;1212006201.4272158;1
1465;2043-02-02;1187392027.191642;1
1466;2043-02-09;1216407184.654578;1
1467;2043-02-16;1243621663.769221;1
1468;2043-02-23;1234762691.6283514;1
1469;2043-03-02;1194245404.3770297;1
1470;2043-03-09;1236552742.100654;1
1471;2043-03-16;1241546563.3901854;1
1472;2043-03-23;1088698809.4274719;1
1473;2043-03-30;1120605054.8407466;1
1474;2043-04-06;1141593726.3044896;1
1475;2043-04-13;1103997614.5342062;1
1476;2043-04-20;1112258974.966987;1
1477;2043-04-27;1103231748.5511086;1
1478;2043-05-04;1089648944.0512862;1
1479;2043-05-11;1121800108.5018382;1
1480;2043-05-18;1147184001.2604303;1
1481;2043-05-25;1084027082.3869824;1
1482;2043-06-01;1141508447.6086347;1
1483;2043-06-08;1131917675.996749;1
1484;2043-06-15;1089683522.8834715;1
1485;2043-06-22;1076654639.814599;1
1486;2043-06-29;1053094378.3215225;1
1487;2043-07-06;995930665.7806792;1
1488;2043-07-13;1041037119.5619481;1
1489;2043-07-20;1036673511.9032276;1
1490;2043-07-27;1100764573.5847924;1
1491;2043-08-03;1077226064.063644;1
1492;2043-08-10;1101604385.1216366;1
1493;2043-08-17;1074334505.8850954;1
1494;2043-08-24;1137464736.9995885;1
1495;2043-08-31;1074572978.7946541;1
1496;2043-09-07;1198118506.729835;1
1497;2043-09-14;1132327319.1158872;1
1498;2043-09-21;1109276484.6143827;1
1499;2043-09-28;1163509251.1577394;1
1500;2043-10-05;1094990447.8004584;1
1501;2043-10-12;1196623497.2083693;1
1502;2043-10-19;1190693090.7357254;1
1503;2043-10-26;1256804947.705829;1
1504;2043-11-02;1311267113.4614499;1
1505;2043-11-09;1352386765.2167494;1
1506;2043-11-16;1405732399.72329;1
1507;2043-11-23;1405973737.6350272;1
1508;2043-11-30;1282379239.8790233;1
1509;2043-12-07;1144340031.9109416;1
1510;2043-12-14;1189988720.1791804;1
1511;2043-12-21;1289392000.7235649;1
1512;2043-12-28;1395856924.5287364;1
1513;2044-01-04;1372138722.5853026;1
1514;2044-01-11;1318543842.4627411;1
1515;2044-01-18;1285085463.360651;1
1516;2044-01-25;1206977489.073852;1
1517;2044-02-01;1184433333.0991993;1
1518;2044-02-08;1210119319.8822832;1
1519;2044-02-15;1237488344.5709229;1
1520;2044-02-22;1226487921.9541564;1
1521;2044-02-29;1187440147.857191;1
1522;2044-03-07;1231028315.8517513;1
1523;2044-03-14;1233807767.9923441;1
1524;2044-03-21;1079137687.8699107;1
1525;2044-03-28;1111474747.3574643;1
1526;2044-04-04;1131810935.6225834;1
1527;2044-04-11;1094951510.875079;1
1528;2044-04-18;1105137824.3999205;1
1529;2044-04-25;1094923412.1739635;1
1530;2044-05-02;1082042380.1808128;1
1531;2044-05-09;1114931427.9769228;1
1532;2044-05-16;1140502303.3593423;1
1533;2044-05-23;1076266403.9414809;1
1534;2044-05-30;1133886033.9507163;1
1535;2044-06-06;1125721492.9795659;1
1536;2044-06-13;1083054991.4581757;1
1537;2044-06-20;1068767755.7382518;1
1538;2044-06-27;1045617574.3858236;1
1539;2044-07-04;989454717.148009;1
1540;2044-07-11;1034211053.4226156;1
1541;2044-07-18;1030003660.8042275;1
1542;2044-07-25;1094850264.8642325;1
1543;2044-08-01;1070538240.6518681;1
1544;2044-08-08;1094952928.8039188;1
1545;2044-08-15;1066319547.988284;1
1546;2044-08-22;1129556422.30084;1
1547;2044-08-29;1066969800.2631589;1
1548;2044-09-05;1191780230.6864343;1
1549;2044-09-12;1124486092.4044418;1
1550;2044-09-19;1101685631.2263308;1
1551;2044-09-26;1157976833.660448;1
1552;2044-10-03;1087796957.97093;1
1553;2044-10-10;1187232825.4257283;1
1554;2044-10-17;1180103320.3353415;1
1555;2044-10-24;1246732610.342882;1
1556;2044-10-31;1301432711.4987514;1
1557;2044-11-07;1342316178.7990777;1
1558;2044-11-14;1398039944.525557;1
1559;2044-11-21;1399903658.7924502;1
1560;2044-11-28;1284193473.162553;1
1561;2044-12-05;1154275780.0299985;1
1562;2044-12-12;1199338370.2655861;1
1563;2044-12-19;1299720900.574472;1
1564;2044-12-26;1408164150.0409644;1
1565;2045-01-02;1383942995.1934915;1
1566;2045-01-09;1327050287.063394;1
1567;2045-01-16;1294131965.2517424;1
1568;2045-01-23;1211916084.6197515;1
1569;2045-01-30;1187339006.0508132;1
1570;2045-02-06;1216294503.2643476;1
1571;2045-02-13;1243511751.905811;1
1572;2045-02-20;1234614404.0005968;1
1573;2045-02-27;1194123451.0918841;1
1574;2045-03-06;1236453741.8752203;1
1575;2045-03-13;1241407880.6646945;1
1576;2045-03-20;1088527469.7902048;1
1577;2045-03-27;1120441435.5871992;1
1578;2045-04-03;1141418414.255918;1
1579;2045-04-10;1103835504.2514005;1
1580;2045-04-17;1112131360.7171586;1
1581;2045-04-24;1103082859.392804;1
1582;2045-05-01;1089512630.9747744;1
1583;2045-05-08;1121677018.6297393;1
1584;2045-05-15;1147064262.2018054;1
1585;2045-05-22;1083888007.5073469;1
1586;2045-05-29;1141371850.496739;1
1587;2045-06-05;1131806637.5851762;1
1588;2045-06-12;1089564736.5922203;1
1589;2045-06-19;1076513303.272785;1
1590;2045-06-26;1052960390.6019284;1
1591;2045-07-03;995814613.8423159;1
1592;2045-07-10;1040914793.3589777;1
1593;2045-07-17;1036553985.1446723;1
1594;2045-07-24;1100658586.4885333;1
1595;2045-07-31;1077106215.2330875;1
1596;2045-08-07;1101485188.00591;1
1597;2045-08-14;1074190874.2022972;1
1598;2045-08-21;1137323016.4112957;1
1599;2045-08-28;1074436726.384953;1
1600;2045-09-04;1198004921.946749;1
1601;2045-09-11;1132186800.774772;1
1602;2045-09-18;1109140453.0768454;1
1603;2045-09-25;1163410107.7255082;1
1604;2045-10-02;1094861537.1982183;1
1605;2045-10-09;1196455212.108421;1
1606;2045-10-16;1190503317.2443812;1
1607;2045-10-23;1256624446.8493333;1
1608;2045-10-30;1311090876.5153046;1
1609;2045-11-06;1352206295.7379875;1
1610;2045-11-13;1405594547.435215;1
1611;2045-11-20;1405864959.067491;1
1612;2045-11-27;1282411751.762786;1
1613;2045-12-04;1144518085.0262008;1
1614;2045-12-11;1190156270.151716;1
1615;2045-12-18;1289577099.296276;1
1616;2045-12-25;1396077475.595087;1
1617;2046-01-01;1372350260.5073667;1
1618;2046-01-08;1318696281.810315;1
1619;2046-01-15;1285247580.7799542;1
1620;2046-01-22;1207065990.9472306;1
1621;2046-01-29;1184485404.0771224;1
1622;2046-02-05;1210229981.9708648;1
1623;2046-02-12;1237596286.763861;1
1624;2046-02-19;1226633552.200327;1
1625;2046-02-26;1187559915.6841226;1
1626;2046-03-05;1231125541.9482174;1
1627;2046-03-12;1233943965.460458;1
1628;2046-03-19;1079305957.0231218;1
1629;2046-03-26;1111635434.4797354;1
1630;2046-04-02;1131983105.999686;1
1631;2046-04-09;1095110716.068049;1
1632;2046-04-16;1105263151.744479;1
1633;2046-04-23;1095069633.1709836;1
1634;2046-04-30;1082176250.4651332;1
1635;2046-05-07;1115052312.022654;1
1636;2046-05-14;1140619896.6396976;1
1637;2046-05-21;1076402986.5361595;1
1638;2046-05-28;1134020183.1803775;1
1639;2046-06-04;1125830541.5324125;1
1640;2046-06-11;1083171649.0451808;1
1641;2046-06-18;1068906559.4650961;1
1642;2046-06-25;1045749160.9846773;1
1643;2046-07-02;989568689.3829709;1
1644;2046-07-09;1034331187.4845157;1
1645;2046-07-16;1030121045.5890267;1
1646;2046-07-23;1094954352.6236286;1
1647;2046-07-30;1070655941.7369919;1
1648;2046-08-06;1095069989.8532388;1
1649;2046-08-13;1066460605.7261447;1
1650;2046-08-20;1129695603.1918762;1
1651;2046-08-27;1067103610.9678452;1
1652;2046-09-03;1191891779.9786613;1
1653;2046-09-10;1124624092.593115;1
1654;2046-09-17;1101819225.0169828;1
1655;2046-09-24;1158074200.397381;1
1656;2046-10-01;1087923558.436677;1
1657;2046-10-08;1187398094.7803156;1
1658;2046-10-15;1180289692.999599;1
1659;2046-10-22;1246909876.5421157;1
1660;2046-10-29;1301605790.1988432;1
1661;2046-11-05;1342493414.1828806;1
1662;2046-11-12;1398175326.4380708;1
1663;2046-11-19;1400010487.998691;1
1664;2046-11-26;1284161543.906502;1
1665;2046-12-03;1154100917.7073674;1
1666;2046-12-10;1199173822.8645945;1
1667;2046-12-17;1299539119.0521836;1
1668;2046-12-24;1407947551.3498113;1
1669;2046-12-31;1383735248.1269891;1
1670;2047-01-07;1326900579.4981077;1
1671;2047-01-14;1293972753.050164;1
1672;2047-01-21;1211829168.740107;1
1673;2047-01-28;1187287868.2084446;1
1674;2047-02-04;1216185824.2906134;1
1675;2047-02-11;1243405744.0859559;1
1676;2047-02-18;1234471383.5145261;1
1677;2047-02-25;1194005829.5587633;1
1678;2047-03-04;1236358258.114525;1
1679;2047-03-11;1241274123.9170172;1
1680;2047-03-18;1088362216.0965817;1
1681;2047-03-25;1120283628.0510807;1
1682;2047-04-01;1141249329.2501066;1
1683;2047-04-08;1103679152.0877376;1
1684;2047-04-15;1112008279.2954895;1
1685;2047-04-22;1102939258.7424073;1
1686;2047-04-29;1089381159.706701;1
1687;2047-05-06;1121558300.8809664;1
1688;2047-05-13;1146948776.2463992;1
1689;2047-05-20;1083753872.5347476;1
1690;2047-05-27;1141240105.282152;1
1691;2047-06-03;1131699543.2318842;1
1692;2047-06-10;1089450169.562115;1
1693;2047-06-17;1076376986.9717164;1
1694;2047-06-24;1052831162.0946417;1
1695;2047-07-01;995702684.0415263;1
1696;2047-07-08;1040796812.1539853;1
1697;2047-07-15;1036438703.9484873;1
1698;2047-07-22;1100556364.0290222;1
1699;2047-07-29;1076990623.4048233;1
1700;2047-08-05;1101370224.7437174;1
1701;2047-08-12;1074052344.2831128;1
1702;2047-08-19;1137186329.704989;1
1703;2047-08-26;1074305313.6288197;1
1704;2047-09-02;1197895371.6684613;1
1705;2047-09-09;1132051273.6121058;1
1706;2047-09-16;1109009253.3475485;1
1707;2047-09-23;1163314485.8446872;1
1708;2047-09-30;1094737205.4702709;1
1709;2047-10-07;1196292904.4556692;1
1710;2047-10-14;1190320284.462845;1
1711;2047-10-21;1256450357.3408353;1
1712;2047-10-28;1310920899.464064;1
1713;2047-11-04;1352032236.4926937;1
1714;2047-11-11;1405461591.6280117;1
1715;2047-11-18;1405760044.2891066;1
1716;2047-11-25;1282443108.8320787;1
1717;2047-12-02;1144689813.7366557;1
1718;2047-12-09;1190317868.788608;1
1719;2047-12-16;1289755623.21119;1
1720;2047-12-23;1396290192.7393994;1
1721;2047-12-30;1372554284.652159;1
1722;2048-01-06;1318843306.5480924;1
1723;2048-01-13;1285403939.8266277;1
1724;2048-01-20;1207151349.254868;1
1725;2048-01-27;1184535625.5061488;1
1726;2048-02-03;1210336713.36807;1
1727;2048-02-10;1237700394.8754768;1
1728;2048-02-17;1226774009.6943824;1
1729;2048-02-24;1187675429.385992;1
1730;2048-03-02;1231219314.596589;1
1731;2048-03-09;1234075325.2265165;1
1732;2048-03-16;1079468249.295561;1
1733;2048-03-23;1111790414.0331914;1
1734;2048-03-30;1132149160.9254608;1
1735;2048-04-06;1095264266.3299844;1
1736;2048-04-13;1105384027.4912155;1
1737;2048-04-20;1095210660.432557;1
1738;2048-04-27;1082305365.7084193;1
1739;2048-05-04;1115168902.2954936;1
1740;2048-05-11;1140733313.0343738;1
1741;2048-05-18;1076534717.7491775;1
1742;2048-05-25;1134149567.4609315;1
1743;2048-06-01;1125935716.7062929;1
1744;2048-06-08;1083284162.9821148;1
1745;2048-06-15;1069040432.9161874;1
1746;2048-06-22;1045876073.6584679;1
1747;2048-06-29;989678613.3509351;1
1748;2048-07-06;1034447054.4127733;1
1749;2048-07-13;1030234260.89386;1
1750;2048-07-20;1095054743.2102757;1
1751;2048-07-27;1070769462.1072365;1
1752;2048-08-03;1095182892.921601;1
1753;2048-08-10;1066596653.1263107;1
1754;2048-08-17;1129829840.4103758;1
1755;2048-08-24;1067232668.747752;1
1756;2048-08-31;1191999367.066247;1
1757;2048-09-07;1124757191.0475223;1
1758;2048-09-14;1101948073.5875905;1
1759;2048-09-21;1158168108.6907034;1
1760;2048-09-28;1088045662.0836368;1
1761;2048-10-05;1187557493.806273;1
1762;2048-10-12;1180469445.7506273;1
1763;2048-10-19;1247080846.2876174;1
1764;2048-10-26;1301772721.1841884;1
1765;2048-11-02;1342664354.2075083;1
1766;2048-11-09;1398305899.616872;1
1767;2048-11-16;1400113522.6566353;1
1768;2048-11-23;1284130748.7701213;1
1769;2048-11-30;1153932266.4533365;1
1770;2048-12-07;1199015120.1486108;1
1771;2048-12-14;1299363794.366841;1
1772;2048-12-21;1407738646.1932588;1
1773;2048-12-28;1383534880.1874602;1
1774;2049-01-04;1326756189.510353;1
1775;2049-01-11;1293819196.0285645;1
1776;2049-01-18;1211745340.092079;1
1777;2049-01-25;1187238546.7702177;1
1778;2049-02-01;1216081005.5684824;1
1779;2049-02-08;1243303501.6389458;1
1780;2049-02-15;1234333443.0825055;1
1781;2049-02-22;1193892385.914853;1
1782;2049-03-01;1236266165.9145672;1
1783;2049-03-08;1241145118.1775794;1
1784;2049-03-15;1088202832.175315;1
1785;2049-03-22;1120131425.8015542;1
1786;2049-03-29;1141086250.1039596;1
1787;2049-04-05;1103528353.516179;1
1788;2049-04-12;1111889569.6969893;1
1789;2049-04-19;1102800758.753361;1
1790;2049-04-26;1089254358.2671688;1
1791;2049-05-03;1121443799.9587264;1
1792;2049-05-10;1146837392.3249855;1
1793;2049-05-17;1083624502.0048482;1
1794;2049-05-24;1141113039.6266215;1
1795;2049-05-31;1131596252.8448496;1
1796;2049-06-07;1089339671.925991;1
1797;2049-06-14;1076245512.593622;1
1798;2049-06-21;1052706523.7535601;1
1799;2049-06-28;995594729.9609529;1
1800;2049-07-05;1040683021.6136639;1
1801;2049-07-12;1036327517.513295;1
1802;2049-07-19;1100457772.4872465;1
1803;2049-07-26;1076879137.3711305;1
1804;2049-08-02;1101259344.949577;1
1805;2049-08-09;1073918734.9140978;1
1806;2049-08-16;1137054498.0783634;1
1807;2049-08-23;1074178568.622897;1
1808;2049-08-30;1197789712.5903096;1
1809;2049-09-06;1131920560.3424032;1
1810;2049-09-13;1108882713.8017988;1
1811;2049-09-20;1163222260.430598;1
1812;2049-09-27;1094617289.976077;1
1813;2049-10-04;1196136361.932594;1
1814;2049-10-11;1190143752.9626894;1
1815;2049-10-18;1256282451.4507613;1
1816;2049-10-25;1310756959.9577317;1
1817;2049-11-01;1351864359.7908819;1
1818;2049-11-08;1405333358.3798301;1
1819;2049-11-15;1405658856.058991;1
1820;2049-11-22;1282473352.1056404;1
1821;2049-11-29;1144855442.6836784;1
1822;2049-12-06;1190473727.4799;1
1823;2049-12-13;1289927805.9986064;1
1824;2049-12-20;1396495354.220743;1
1825;2049-12-27;1372751061.907282;1
1826;2050-01-03;1318985109.0017407;1
1827;2050-01-10;1285554745.036714;1
1828;2050-01-17;1207233675.6554809;1
1829;2050-01-24;1184584063.0818202;1
1830;2050-01-31;1210439653.6911325;1
1831;2050-02-07;1237800805.0914376;1
1832;2050-02-14;1226909478.1712623;1
1833;2050-02-21;1187786840.0683212;1
1834;2050-02-28;1231309756.462531;1
1835;2050-03-07;1234202019.1245594;1
1836;2050-03-14;1079624776.9846284;1
1837;2050-03-21;1111939888.749335;1
1838;2050-03-28;1132309317.6193013;1
1839;2050-04-04;1095412362.5227063;1
1840;2050-04-11;1105500609.7598388;1
1841;2050-04-18;1095346678.4389467;1
1842;2050-04-25;1082429894.8086112;1
1843;2050-05-02;1115281351.309245;1
1844;2050-05-09;1140842700.9053686;1
1845;2050-05-16;1076661769.9004712;1
1846;2050-05-23;1134274356.0422506;1
1847;2050-05-30;1126037156.0827174;1
1848;2050-06-06;1083392680.4504542;1
1849;2050-06-13;1069169551.2137616;1
1850;2050-06-20;1045998478.423915;1
1851;2050-06-27;989784632.8453938;1
1852;2050-07-04;1034558805.7749726;1
1853;2050-07-11;1030343454.8176757;1
1854;2050-07-18;1095151567.9468808;1
1855;2050-07-25;1070878950.260612;1
1856;2050-08-01;1095291785.6995115;1
1857;2050-08-08;1066727868.1547996;1
1858;2050-08-15;1129959309.5544255;1
1859;2050-08-22;1067357142.4256501;1
1860;2050-08-29;1192103132.6857688;1
1861;2050-09-05;1124885561.8761125;1
1862;2050-09-12;1102072345.4872549;1
1863;2050-09-19;1158258681.3835192;1
1864;2050-09-26;1088163428.6377556;1
1865;2050-10-03;1187711231.0162935;1
1866;2050-10-10;1180642813.7261882;1
1867;2050-10-17;1247245743.2279437;1
1868;2050-10-24;1301933722.8201692;1
1869;2050-10-31;1342829222.482639;1
1870;2050-11-07;1398431834.8670523;1
1871;2050-11-14;1400212897.5477464;1
1872;2050-11-21;1284101047.4697466;1
1873;2050-11-28;1153769605.6522088;1
1874;2050-12-05;1198862054.5157976;1
1875;2050-12-12;1299194697.1731136;1
1876;2050-12-19;1407537161.298766;1
1877;2050-12-26;1383341629.2700489;1
1878;2051-01-02;1326616928.221026;1
1879;2051-01-09;1293671093.31628;1
1880;2051-01-16;1211664489.0179257;1
1881;2051-01-23;1187190977.217884;1
1882;2051-01-30;1215979909.982725;1
1883;2051-02-06;1243204890.8196225;1
1884;2051-02-13;1234200402.2622085;1
1885;2051-02-20;1193782971.7625108;1
1886;2051-02-27;1236177344.8079066;1
1887;2051-03-06;1241020694.6916847;1
1888;2051-03-13;1088049109.53347;1
1889;2051-03-20;1119984629.7401571;1
1890;2051-03-27;1140928963.4907534;1
1891;2051-04-03;1103382911.2744386;1
1892;2051-04-10;1111775076.6355262;1
1893;2051-04-17;1102667178.2513723;1
1894;2051-04-24;1089132060.784965;1
1895;2051-05-01;1121333366.082332;1
1896;2051-05-08;1146729964.7342806;1
1897;2051-05-15;1083499726.6857636;1
1898;2051-05-22;1140990487.3133101;1
1899;2051-05-29;1131496631.3080852;1
1900;2051-06-05;1089233099.139931;1
1901;2051-06-12;1076118708.1545358;1
1902;2051-06-19;1052586312.5370586;1
1903;2051-06-26;995490610.3839478;1
1904;2051-07-03;1040573272.8865894;1
1905;2051-07-10;1036220280.3941476;1
1906;2051-07-17;1100362682.8938618;1
1907;2051-07-24;1076771611.2951505;1
1908;2051-07-31;1101152403.5796633;1
1909;2051-08-07;1073789871.3184667;1
1910;2051-08-14;1136927349.0801299;1
1911;2051-08-21;1074056325.5697944;1
1912;2051-08-28;1197687806.4977796;1
1913;2051-09-04;1131794489.9773176;1
1914;2051-09-11;1108760668.9109726;1
1915;2051-09-18;1163133310.8415406;1
1916;2051-09-25;1094501633.852052;1
1917;2051-10-02;1195985379.7631452;1
1918;2051-10-09;1189973491.8199272;1
1919;2051-10-16;1256120509.538438;1
1920;2051-10-23;1310598843.544132;1
1921;2051-10-30;1351702446.0300608;1
1922;2051-11-06;1405209679.9464843;1
1923;2051-11-13;1405561262.011026;1
1924;2051-11-20;1282502521.1452336;1
1925;2051-11-27;1145015188.529432;1
1926;2051-12-04;1190624050.10711;1
1927;2051-12-11;1290093872.8938837;1
1928;2051-12-18;1396693228.4144902;1
1929;2051-12-25;1372940849.6805537;1
1930;2052-01-01;1319121874.6655645;1
1931;2052-01-08;1285700193.6811833;1
1932;2052-01-15;1207313077.8416939;1
1933;2052-01-22;1184630780.1661885;1
1934;2052-01-29;1210538937.598115;1
1935;2052-02-05;1237897648.7601278;1
1936;2052-02-12;1227040134.8396838;1
1937;2052-02-19;1187894293.4694002;1
1938;2052-02-26;1231396985.8546522;1
1939;2052-03-04;1234324212.8851218;1
1940;2052-03-11;1079775744.8469703;1
1941;2052-03-18;1112084054.1586938;1
1942;2052-03-25;1132463785.5850198;1
1943;2052-04-01;1095555198.3734713;1
1944;2052-04-08;1105613051.053682;1
1945;2052-04-15;1095477865.117719;1
1946;2052-04-22;1082550000.6644335;1
1947;2052-04-29;1115389806.160458;1
1948;2052-05-06;1140948203.344896;1
1949;2052-05-13;1076784309.1892133;1
1950;2052-05-20;1134394712.1624918;1
1951;2052-05-27;1126134992.3563337;1
1952;2052-06-03;1083497343.4038243;1
1953;2052-06-10;1069294083.259754;1
1954;2052-06-17;1046116535.4008634;1
1955;2052-06-24;989886886.552328;1
1956;2052-07-01;1034666587.7550526;1
1957;2052-07-08;1030448770.1989825;1
1958;2052-07-15;1095244953.4915993;1
1959;2052-07-22;1070984549.4205136;1
1960;2052-07-29;1095396810.6315448;1
1961;2052-08-05;1066854422.4563172;1
1962;2052-08-12;1130084179.984909;1
1963;2052-08-19;1067477194.8277657;1
1964;2052-08-26;1192203212.5748744;1
1965;2052-09-02;1125009373.0030432;1
1966;2052-09-09;1102192203.2782521;1
1967;2052-09-16;1158346036.9555743;1
1968;2052-09-23;1088277012.151552;1
1969;2052-09-30;1187859507.5167487;1
1970;2052-10-07;1180810023.7120054;1
1971;2052-10-14;1247404783.0677068;1
1972;2052-10-21;1302089005.7158818;1
1973;2052-10-28;1342988234.6753879;1
1974;2052-11-04;1398553296.9267461;1
1975;2052-11-11;1400308742.6660826;1
1976;2052-11-18;1284072401.1525803;1
1977;2052-11-25;1153612722.5245054;1
1978;2052-12-02;1198714425.7382853;1
1979;2052-12-09;1299031606.2719626;1
1980;2052-12-16;1407342833.1003685;1
1981;2052-12-23;1383155242.579802;1
1982;2052-12-30;1326482613.4599638;1
1983;2053-01-06;1293528251.1775258;1
1984;2053-01-13;1211586509.7549233;1
1985;2053-01-20;1187145097.3248684;1
1986;2053-01-27;1215882405.2884119;1
1987;2053-02-03;1243109782.633424;1
1988;2053-02-10;1234072087.0205786;1
1989;2053-02-17;1193677443.975143;1
1990;2053-02-24;1236091678.6060781;1
1991;2053-03-03;1240900690.6987646;1
1992;2053-03-10;1087900847.0837324;1
1993;2053-03-17;1119843047.840358;1
1994;2053-03-24;1140777263.66108;1
1995;2053-03-31;1103242635.10694;1
1996;2053-04-07;1111664650.3406959;1
1997;2053-04-14;1102538342.4974177;1
1998;2053-04-21;1089014107.2805846;1
1999;2053-04-28;1121226854.7912705;1
2000;2053-05-05;1146626352.9463477;1
2001;2053-05-12;1083379383.3566856;1
2002;2053-05-19;1140872288.029363;1
2003;2053-05-26;1131400548.3048916;1
2004;2053-06-02;1089130311.794183;1
2005;2053-06-09;1075996407.779322;1
2006;2053-06-16;1052470371.1947129;1
2007;2053-06-23;995390189.1098458;1
2008;2053-06-30;1040467422.4085052;1
2009;2053-07-07;1036116852.3122673;1
2010;2053-07-14;1100270970.8604841;1
2011;2053-07-21;1076667904.5201166;1
2012;2053-07-28;1101049260.7420735;1
2013;2053-08-04;1073665584.9274641;1
2014;2053-08-11;1136804716.3844285;1
2015;2053-08-18;1073938424.561206;1
2016;2053-08-25;1197589520.0857043;1
2017;2053-09-01;1131672897.6019683;1
2018;2053-09-08;1108642959.025983;1
2019;2053-09-15;1163047520.7209797;1
2020;2053-09-22;1094390085.8063684;1
2021;2053-09-29;1195839760.444868;1
2022;2053-10-06;1189809278.3129375;1
2023;2053-10-13;1255964319.764778;1
2024;2053-10-20;1310446343.3883796;1
2025;2053-10-27;1351546283.4079678;1
2026;2053-11-03;1405090394.5420215;1
2027;2053-11-10;1405467134.480706;1
2028;2053-11-17;1282530654.1073964;1
2029;2053-11-24;1145169260.2402914;1
2030;2053-12-01;1190769033.3099337;1
2031;2053-12-08;1290254041.1320732;1
2032;2053-12-15;1396884074.163384;1
2033;2053-12-22;1373123896.2367263;1
2034;2053-12-29;1319253782.445155;1
2035;2054-01-05;1285840476.0239875;1
2036;2054-01-12;1207389659.6809156;1
2037;2054-01-19;1184675837.8707004;1
2038;2054-01-26;1210634694.964057;1
2039;2054-02-02;1237991052.5644684;1
2040;2054-02-09;1227166150.6139526;1
2041;2054-02-16;1187997930.1509285;1
2042;2054-02-23;1231481116.8792677;1
2043;2054-03-02;1234442066.3520296;1
2044;2054-03-09;1079921350.3663254;1
2045;2054-03-16;1112223098.8465967;1
2046;2054-03-23;1132612766.8849025;1
2047;2054-03-30;1095692960.7283893;1
2048;2054-04-06;1105721498.459196;1
2049;2054-04-13;1095604392.0764954;1
2050;2054-04-20;1082665840.3884866;1
2051;2054-04-27;1115494408.7208474;1
2052;2054-05-04;1141049958.3625689;1
2053;2054-05-11;1076902495.911221;1
2054;2054-05-18;1134510793.2616305;1
2055;2054-05-25;1126229353.5085065;1
2056;2054-06-01;1083598288.7536907;1
2057;2054-06-08;1069414191.9567428;1
2058;2054-06-15;1046230399.0217388;1
2059;2054-06-22;989985508.2316257;1
2060;2054-06-29;1034770541.3445331;1
2061;2054-07-06;1030550344.8026985;1
2062;2054-07-13;1095335022.0037189;1
2063;2054-07-20;1071086397.7230756;1
2064;2054-07-27;1095498105.1026776;1
2065;2054-08-03;1066976481.5787902;1
2066;2054-08-10;1130204615.0470512;1
2067;2054-08-17;1067592982.9967752;1
2068;2054-08-24;1192299737.6498415;1
2069;2054-08-31;1125128786.3878462;1
2070;2054-09-07;1102307803.7486844;1
2071;2054-09-14;1158430289.678242;1
2072;2054-09-21;1088386561.2056348;1
2073;2054-09-28;1188002517.2707584;1
2074;2054-10-05;1180971294.4384274;1
2075;2054-10-12;1247558173.8497424;1
2076;2054-10-19;1302238772.9996364;1
2077;2054-10-26;1343141598.7924244;1
2078;2054-11-02;1398670444.682628;1
2079;2054-11-09;1400401183.3883429;1
2080;2054-11-16;1284044772.3458667;1
2081;2054-11-23;1153461411.8486242;1
2082;2054-11-30;1198572040.7002516;1
2083;2054-12-07;1298874308.3212879;1
2084;2054-12-14;1407155407.393903;1
2085;2054-12-21;1382975476.3009846;1
2086;2054-12-28;1326353069.5276453;1
2087;2055-01-04;1293390482.7579668;1
2088;2055-01-11;1211511300.2970145;1
2089;2055-01-18;1187100847.0748692;1
2090;2055-01-25;1215788363.9379234;1
2091;2055-02-01;1243018052.6676452;1
2092;2055-02-08;1233948329.5061722;1
2093;2055-02-15;1193575664.5099792;1
2094;2055-02-22;1236009055.2476037;1
2095;2055-03-01;1240784949.2194672;1
2096;2055-03-08;1087757850.8813617;1
2097;2055-03-15;1119706494.8963623;1
2098;2055-03-22;1140630952.1737008;1
2099;2055-03-29;1103107341.5159404;1
2100;2055-04-05;1111558146.3619032;1
2101;2055-04-12;1102414082.959162;1
2102;2055-04-19;1088900343.456956;1
2103;2055-04-26;1121124126.7562335;1
2104;2055-05-03;1146526421.4247694;1
2105;2055-05-10;1083263314.594371;1
2106;2055-05-17;1140758287.1562;1
2107;2055-05-24;1131307878.147388;1
2108;2055-05-31;1089031175.4307969;1
2109;2055-06-07;1075878451.4846902;1
2110;2055-06-14;1052358548.0615964;1
2111;2055-06-21;995293334.7757968;1
2112;2055-06-28;1040365331.7145234;1
2113;2055-07-05;1036017097.9715456;1
2114;2055-07-12;1100182516.416976;1
2115;2055-07-19;1076567881.3853567;1
2116;2055-07-26;1100949781.513832;1
2117;2055-08-02;1073545713.1598577;1
2118;2055-08-09;1136686439.5732548;1
2119;2055-08-16;1073824711.3687313;1
2120;2055-08-23;1197494724.7838848;1
2121;2055-08-30;1131555624.1592124;1
2122;2055-09-06;1108529430.1684418;1
2123;2055-09-13;1162964777.8453372;1
2124;2055-09-20;1094282499.921049;1
2125;2055-09-27;1195699313.4905498;1
2126;2055-10-04;1189650897.6311195;1
2127;2055-10-11;1255813677.8151672;1
2128;2055-10-18;1310299260.002316;1
2129;2055-10-25;1351395667.645507;1
2130;2055-11-01;1404975346.1270883;1
2131;2055-11-08;1405376350.3381393;1
2132;2055-11-15;1282557787.7933552;1
2133;2055-11-22;1145317859.360194;1
2134;2055-11-29;1190908866.7434697;1
2135;2055-12-06;1290408520.232088;1
2136;2055-12-13;1397068141.1161332;1
2137;2055-12-20;1373300441.022247;1
2138;2055-12-27;1319381004.8914177;1
2139;2056-01-03;1285975775.5709474;1
2140;2056-01-10;1207463521.3512077;1
2141;2056-01-17;1184719295.1361384;1
2142;2056-01-24;1210727051.0508678;1
2143;2056-01-31;1238081138.6876323;1
2144;2056-02-07;1227287690.337538;1
2145;2056-02-14;1188097885.6818879;1
2146;2056-02-21;1231562259.589663;1
2147;2056-02-28;1234555733.691493;1
2148;2056-03-06;1080061784.011856;1
2149;2056-03-13;1112357204.6998665;1
2150;2056-03-20;1132756456.4040296;1
2151;2056-03-27;1095825829.7968402;1
2152;2056-04-03;1105826093.8383558;1
2153;2056-04-10;1095726424.827435;1
2154;2056-04-17;1082777565.5127685;1
2155;2056-04-24;1115595295.8228774;1
2156;2056-05-01;1141148099.0659304;1
2157;2056-05-08;1077016484.6686416;1
2158;2056-05-15;1134622751.1874115;1
2159;2056-05-22;1126320362.9747329;1
2160;2056-05-29;1083695648.548456;1
2161;2056-06-05;1069530034.4210448;1
2162;2056-06-12;1046340218.2335632;1
2163;2056-06-19;990080626.8920548;1
2164;2056-06-26;1034870802.5269486;1
2165;2056-07-03;1030648311.5003647;1
2166;2056-07-10;1095421891.3034575;1
2167;2056-07-17;1071184628.3978691;1
2168;2056-07-24;1095595801.6180038;1
2169;2056-07-31;1067094205.1899217;1
2170;2056-08-07;1130320772.2840931;1
2171;2056-08-14;1067704658.3972362;1
2172;2056-08-21;1192392834.1768332;1
2173;2056-08-28;1125243958.2372878;1
2174;2056-09-04;1102419298.1175778;1
2175;2056-09-11;1158511549.7640033;1
2176;2056-09-18;1088492219.1030653;1
2177;2056-09-25;1188140447.3519187;1
2178;2056-10-02;1181126836.866552;1
2179;2056-10-09;1247706116.227253;1
2180;2056-10-16;1302383220.5846736;1
2181;2056-10-23;1343289515.4520707;1
2182;2056-10-30;1398783431.3777552;1
2183;2056-11-06;1400490340.6378756;1
2184;2056-11-13;1284018124.9078736;1
2185;2056-11-20;1153315475.6923864;1
2186;2056-11-27;1198434713.1453025;1
2187;2056-12-04;1298722597.5568497;1
2188;2056-12-11;1406974639.0044787;1
2189;2056-12-18;1382802095.2781384;1
2190;2056-12-25;1326228126.9653547;1
2191;2057-01-01;1293257607.8402894;1
2192;2057-01-08;1211438762.2613733;1
2193;2057-01-15;1187058168.5833492;1
2194;2057-01-22;1215697662.914101;1
2195;2057-01-29;1242929580.9286904;1
2196;2057-02-05;1233828967.8295894;1
2197;2057-02-12;1193477500.227496;1
2198;2057-02-19;1235929366.6514025;1
2199;2057-02-26;1240673318.8503106;1
2200;2057-03-05;1087619933.8704896;1
2201;2057-03-12;1119574792.280842;1
2202;2057-03-19;1140489837.6359644;1
2203;2057-03-26;1102976853.5214937;1
2204;2057-04-02;1111455425.3794045;1
2205;2057-04-09;1102294237.0904992;1
2206;2057-04-16;1088790620.4976034;1
2207;2057-04-23;1121025047.5968556;1
2208;2057-04-30;1146430039.4473495;1
2209;2057-05-07;1083151368.567213;1
2210;2057-05-14;1140648335.567257;1
2211;2057-05-21;1131218499.6120977;1
2212;2057-05-28;1088935560.367737;1
2213;2057-06-04;1075764684.9699192;1
2214;2057-06-11;1052250696.8598853;1
2215;2057-06-18;995199920.6849285;1
2216;2057-06-25;1040266867.2579966;1
2217;2057-07-02;1035920886.8815601;1
2218;2057-07-09;1100097203.854511;1
2219;2057-07-16;1076471411.0488338;1
2220;2057-07-23;1100853835.7643964;1
2221;2057-07-30;1073430099.2092621;1
2222;2057-08-06;1136572363.926614;1
2223;2057-08-13;1073715037.2421261;1
2224;2057-08-20;1197403296.588905;1
2225;2057-08-27;1131442516.241579;1
2226;2057-09-03;1108419933.8292365;1
2227;2057-09-10;1162884973.9771893;1
2228;2057-09-17;1094178735.4610896;1
2229;2057-09-24;1195563855.1790383;1
2230;2057-10-01;1189498142.593894;1
2231;2057-10-08;1255668386.6321995;1
2232;2057-10-15;1310157400.983555;1
2233;2057-10-22;1351250401.7195282;1
2234;2057-10-29;1404864384.2048125;1
2235;2057-11-05;1405288790.8269787;1
2236;2057-11-12;1282583957.6971667;1
2237;2057-11-19;1145461180.2742844;1
2238;2057-11-26;1191043733.326313;1
2239;2057-12-03;1290557512.2707794;1
2240;2057-12-10;1397245670.0539842;1
2241;2057-12-17;1373470714.978481;1
2242;2057-12-24;1319503708.4262917;1
2243;2057-12-31;1286106269.3098;1
2244;2058-01-07;1207534759.4723315;1
2245;2058-01-14;1184761208.8097222;1
2246;2058-01-21;1210816126.6711824;1
2247;2058-01-28;1238168024.9728754;1
2248;2058-02-04;1227404912.9987085;1
2249;2058-02-11;1188194290.815881;1
2250;2058-02-18;1231640520.1300569;1
2251;2058-02-25;1234665363.593775;1
2252;2058-03-04;1080197229.487305;1
2253;2058-03-11;1112486547.1447484;1
2254;2058-03-18;1132895042.1052103;1
2255;2058-03-25;1095953979.3872092;1
2256;2058-04-01;1105926974.014232;1
2257;2058-04-08;1095844123.0037436;1
2258;2058-04-15;1082885322.1868958;1
2259;2058-04-22;1115692599.4387558;1
2260;2058-04-29;1141242753.8345754;1
2261;2058-05-06;1077126424.5721903;1
2262;2058-05-13;1134730732.3939834;1
2263;2058-05-20;1126408139.8061097;1
2264;2058-05-27;1083789550.1461945;1
2265;2058-06-03;1069641762.1882424;1
2266;2058-06-10;1046446136.6927954;1
2267;2058-06-17;990172366.9600221;1
2268;2058-06-24;1034967502.4557302;1
2269;2058-07-01;1030742798.4439558;1
2270;2058-07-08;1095505675.0260873;1
2271;2058-07-15;1071279369.942182;1
2272;2058-07-22;1095690027.9760685;1
2273;2058-07-29;1067207747.2860557;1
2274;2058-08-05;1130432803.6433768;1
2275;2058-08-12;1067812367.1137211;1
2276;2058-08-19;1192482623.9370675;1
2277;2058-08-26;1125355039.2097073;1
2278;2058-09-02;1102526832.2326937;1
2279;2058-09-09;1158589923.5106177;1
2280;2058-09-16;1088594124.0568128;1
2281;2058-09-23;1188273478.1890152;1
2282;2058-09-30;1181276854.4641886;1
2283;2058-10-07;1247848803.7262866;1
2284;2058-10-14;1302522537.4254413;1
2285;2058-10-21;1343432178.1467323;1
2286;2058-10-28;1398892404.812028;1
2287;2058-11-04;1400576331.0428605;1
2288;2058-11-11;1283992423.980615;1
2289;2058-11-18;1153174723.1541173;1
2290;2058-11-25;1198302263.432828;1
2291;2058-12-02;1298576275.5231063;1
2292;2058-12-09;1406800291.465759;1
2293;2058-12-16;1382634872.7084723;1
2294;2058-12-23;1326107622.3335102;1
2295;2058-12-30;1293129452.6084569;1
2296;2059-01-06;1211368800.759709;1
2297;2059-01-13;1187017006.021817;1
2298;2059-01-20;1215610183.5693262;1
2299;2059-01-27;1242844251.6851091;1
2300;2059-02-03;1233713845.8517044;1
2301;2059-02-10;1193382822.7172537;1
2302;2059-02-17;1235852508.5754082;1
2303;2059-02-24;1240565653.5656288;1
2304;2059-03-03;1087486915.6394274;1
2305;2059-03-10;1119447767.7112696;1
2306;2059-03-17;1140353735.453441;1
2307;2059-03-24;1102851000.4299397;1
2308;2059-03-31;1111356353.0220609;1
2309;2059-04-07;1102178648.1189225;1
2310;2059-04-14;1088684794.871978;1
2311;2059-04-21;1120929487.7059312;1
2312;2059-04-28;1146337080.935114;1
2313;2059-05-05;1083043398.8366277;1
2314;2059-05-12;1140542289.43291;1
2315;2059-05-19;1131132295.7813735;1
2316;2059-05-26;1088843341.5292437;1
2317;2059-06-02;1075654959.415013;1
2318;2059-06-09;1052146676.5075096;1
2319;2059-06-16;995109824.6406119;1
2320;2059-06-23;1040171900.2358224;1
2321;2059-06-30;1035828093.1868774;1
2322;2059-07-07;1100014921.574213;1
2323;2059-07-14;1076378367.31599;1
2324;2059-07-21;1100761297.9854298;1
2325;2059-07-28;1073318591.8390177;1
2326;2059-08-04;1136462340.2201297;1
2327;2059-08-11;1073609258.7147201;1
2328;2059-08-18;1197315115.9019217;1
2329;2059-08-25;1131333425.8905954;1
2330;2059-09-01;1108314326.7742639;1
2331;2059-09-08;1162808004.7236812;1
2332;2059-09-15;1094078656.690359;1
2333;2059-09-22;1195433208.3149135;1
2334;2059-09-29;1189350813.379687;1
2335;2059-10-06;1255528256.1579018;1
2336;2059-10-13;1310020580.763798;1
2337;2059-10-20;1351110295.6050968;1
2338;2059-10-27;1404757363.6239355;1
2339;2059-11-03;1405204341.4090745;1
2340;2059-11-10;1282609198.0521455;1
2341;2059-11-17;1145599410.4631925;1
2342;2059-11-24;1191173809.479833;1
2343;2059-12-01;1290701212.1472754;1
2344;2059-12-08;1397416893.205689;1
2345;2059-12-15;1373634940.843811;1
2346;2059-12-22;1319622053.5604472;1
2347;2059-12-29;1286232127.9417195;1
2348;2060-01-05;1207603467.232137;1
