;Date;Production;Prediction
0;2015-01-05;722395960.463;0
1;2015-01-12;1175262310.222;0
2;2015-01-19;1223146448.376;0
3;2015-01-26;1295408058.507;0
4;2015-02-02;1258641959.042;0
5;2015-02-09;1376091004.067;0
6;2015-02-16;1209662327.147;0
7;2015-02-23;1206165648.174;0
8;2015-03-02;1151111128.698;0
9;2015-03-09;1126836216.625;0
10;2015-03-16;1053424577.134;0
11;2015-03-23;1019706464.546;0
12;2015-03-30;1024269349.888;0
13;2015-04-06;941722158.646;0
14;2015-04-13;982457712.752;0
15;2015-04-20;1074605319.867;0
16;2015-04-27;1103196815.283;0
17;2015-05-04;1219032713.902;0
18;2015-05-11;1375542077.093;0
19;2015-05-18;1447999591.143;0
20;2015-05-25;1402323970.805;0
21;2015-06-01;1300767222.228;0
22;2015-06-08;1385551681.703;0
23;2015-06-15;1405854328.889;0
24;2015-06-22;1315697464.288;0
25;2015-06-29;1283256498.861;0
26;2015-07-06;1410492272.704;0
27;2015-07-13;1411153075.962;0
28;2015-07-20;1419769198.832;0
29;2015-07-27;1321356258.856;0
30;2015-08-03;1122709195.767;0
31;2015-08-10;1121462437.211;0
32;2015-08-17;972079495.316;0
33;2015-08-24;877238451.219;0
34;2015-08-31;982987916.22;0
35;2015-09-07;922985302.958;0
36;2015-09-14;822037180.147;0
37;2015-09-21;1147559032.5;0
38;2015-09-28;1166225525.476;0
39;2015-10-05;1077297384.085;0
40;2015-10-12;1126428612.218;0
41;2015-10-19;1173490464.335;0
42;2015-10-26;942936713.482;0
43;2015-11-02;911314916.171;0
44;2015-11-09;1018516436.294;0
45;2015-11-16;1054146540.049;0
46;2015-11-23;1103270160.014;0
47;2015-11-30;1267012958.403;0
48;2015-12-07;1165513790.594;0
49;2015-12-14;1094989052.389;0
50;2015-12-21;992606966.836;0
51;2015-12-28;822494805.374;0
52;2016-01-04;816835717.616;0
53;2016-01-11;957257892.827;0
54;2016-01-18;1031163257.575;0
55;2016-01-25;1134086408.671;0
56;2016-02-01;1012394371.746;0
57;2016-02-08;1073695807.2919999;0
58;2016-02-15;1056863232.882;0
59;2016-02-22;1092879594.159;0
60;2016-02-29;1044134436.301;0
61;2016-03-07;1080666282.444;0
62;2016-03-14;1053609935.668;0
63;2016-03-21;1061146798.071;0
64;2016-03-28;936405543.272;0
65;2016-04-04;1071949726.704;0
66;2016-04-11;1144895151.092;0
67;2016-04-18;1157030892.121;0
68;2016-04-25;1213966848.847;0
69;2016-05-02;1201834049.743;0
70;2016-05-09;1098101793.97;0
71;2016-05-16;1242091934.641;0
72;2016-05-23;1249099782.52;0
73;2016-05-30;1341257994.05;0
74;2016-06-06;1416335257.128;0
75;2016-06-13;1331862982.825;0
76;2016-06-20;1338783364.963;0
77;2016-06-27;1406972357.987;0
78;2016-07-04;1475895225.787;0
79;2016-07-11;1402028572.954;0
80;2016-07-18;1395937517.056;0
81;2016-07-25;1431792433.125;0
82;2016-08-01;1299428325.222;0
83;2016-08-08;1094123241.52233;0
84;2016-08-15;923241788.695;0
85;2016-08-22;945106618.209;0
86;2016-08-29;1050383769.054;0
87;2016-09-05;1056774712.584;0
88;2016-09-12;1093150568.198;0
89;2016-09-19;1043147117.045;0
90;2016-09-26;937069531.665;0
91;2016-10-03;830684005.64;0
92;2016-10-10;780564790.365;0
93;2016-10-17;848594753.232;0
94;2016-10-24;866028825.134;0
95;2016-10-31;801334761.643;0
96;2016-11-07;754427465.144;0
97;2016-11-14;872428337.056;0
98;2016-11-21;767977705.1620001;0
99;2016-11-28;852250587.061;0
100;2016-12-05;983895388.996;0
101;2016-12-12;935777928.746;0
102;2016-12-19;1050180842.948;0
103;2016-12-26;866456770.488;0
104;2017-01-02;750361954.442;0
105;2017-01-09;954693761.334;0
106;2017-01-16;1039283877.309;0
107;2017-01-23;1142540956.413;0
108;2017-01-30;968226691.151;0
109;2017-02-06;747175563.921;0
110;2017-02-13;773916230.239;0
111;2017-02-20;724781497.172;0
112;2017-02-27;900790161.815;0
113;2017-03-06;947341088.125;0
114;2017-03-13;984773648.396;0
115;2017-03-20;1014931967.594;0
116;2017-03-27;1095311939.156;0
117;2017-04-03;1020891768.2;0
118;2017-04-10;971355607.671;0
119;2017-04-17;979338725.545;0
120;2017-04-24;1062465026.057;0
121;2017-05-01;1061742183.847;0
122;2017-05-08;1036323485.015;0
123;2017-05-15;1073298364.362;0
124;2017-05-22;1253366985.213;0
125;2017-05-29;1309605943.526;0
126;2017-06-05;1350949784.798;0
127;2017-06-12;1182389811.05;0
128;2017-06-19;1258735239.437;0
129;2017-06-26;1236332759.109;0
130;2017-07-03;1344202735.473;0
131;2017-07-10;1391789055.756;0
132;2017-07-17;1274972759.5509999;0
133;2017-07-24;1282294859.447;0
134;2017-07-31;1220406946.304;0
135;2017-08-07;1273698285.174;0
136;2017-08-14;1352295868.125;0
137;2017-08-21;1159315085.051;0
138;2017-08-28;1141218884.72;0
139;2017-09-04;1180821313.239;0
140;2017-09-11;1110499359.537;0
141;2017-09-18;1137389592.145;0
142;2017-09-25;845478708.179;0
143;2017-10-02;824333112.405;0
144;2017-10-09;868075679.651;0
145;2017-10-16;807132695.004;0
146;2017-10-23;807043977.33;0
147;2017-10-30;866575358.03;0
148;2017-11-06;831618602.266;0
149;2017-11-13;1016044412.1;0
150;2017-11-20;1034242390.802;0
151;2017-11-27;890301839.583;0
152;2017-12-04;1108990788.066;0
153;2017-12-11;1081487911.809;0
154;2017-12-18;1043323835.064;0
155;2017-12-25;988276377.788;0
156;2018-01-01;833779474.796;0
157;2018-01-08;931560493.264474;0
158;2018-01-15;1072795162.505094;0
159;2018-01-22;1083198892.107063;0
160;2018-01-29;1108987180.781748;0
161;2018-02-05;1100693112.675598;0
162;2018-02-12;1199045552.626066;0
163;2018-02-19;1140936007.759862;0
164;2018-02-26;1232697360.057033;0
165;2018-03-05;1417862781.626214;0
166;2018-03-12;929030325.97926;0
167;2018-03-19;936445957.925107;0
168;2018-03-26;962474319.702037;0
169;2018-04-02;966071369.801155;0
170;2018-04-09;1002763518.950083;0
171;2018-04-16;1105921194.922706;0
172;2018-04-23;1207287010.57688;0
173;2018-04-30;1351035711.350569;0
174;2018-05-07;1381381020.985388;0
175;2018-05-14;1462518396.356391;0
176;2018-05-21;1405416625.269809;0
177;2018-05-28;1527946548.790571;0
178;2018-06-04;1535185071.455201;0
179;2018-06-11;1474688825.899945;0
180;2018-06-18;1403474411.128301;0
181;2018-06-25;1362031206.04585;0
182;2018-07-02;1381933929.079905;0
183;2018-07-09;1442448350.525442;0
184;2018-07-16;1394829913.501304;0
185;2018-07-23;1388904290.592293;0
186;2018-07-30;1380116182.750076;0
187;2018-08-06;1479827173.133295;0
188;2018-08-13;1341010488.834265;0
189;2018-08-20;1222600645.472263;0
190;2018-08-27;1238278720.420995;0
191;2018-09-03;1160970069.665084;0
192;2018-09-10;1122364354.161182;0
193;2018-09-17;1075824128.35802;0
194;2018-09-24;1026392017.3045291;0
195;2018-10-01;1000007139.377962;0
196;2018-10-08;915346665.26219;0
197;2018-10-15;838724607.012708;0
198;2018-10-22;873876141.58916;0
199;2018-10-29;926542948.658571;0
200;2018-11-05;997128561.5486931;0
201;2018-11-12;1115457150.110152;0
202;2018-11-19;1059737506.505797;0
203;2018-11-26;1274031469.093119;0
204;2018-12-03;1040163476.255376;0
205;2018-12-10;1070288140.660776;0
206;2018-12-17;1378904004.266169;0
207;2018-12-24;1027384648.940012;0
208;2018-12-31;1003760687.2686731;0
209;2019-01-07;1038699910.729181;0
210;2019-01-14;1206297353.378388;0
211;2019-01-21;1261951190.799825;0
212;2019-01-28;1361009987.169154;0
213;2019-02-04;1188274659.34321;0
214;2019-02-11;1086580532.0704901;0
215;2019-02-18;1097624387.447624;0
216;2019-02-25;1087549199.950126;0
217;2019-03-04;1046950253.969078;0
218;2019-03-11;983707189.595769;0
219;2019-03-18;1018065269.182307;0
220;2019-03-25;1113724115.346696;0
221;2019-04-01;1115228460.564267;0
222;2019-04-08;1271212607.026732;0
223;2019-04-15;1082700927.897198;0
224;2019-04-22;1043768632.509657;0
225;2019-04-29;1197069115.60948;0
226;2019-05-06;1125378251.979781;0
227;2019-05-13;1118229661.522033;0
228;2019-05-20;1107149104.870164;0
229;2019-05-27;1237307990.125855;0
230;2019-06-03;1184290068.754101;0
231;2019-06-10;1147877558.473797;0
232;2019-06-17;1295847511.911488;0
233;2019-06-24;1331155633.697756;0
234;2019-07-01;1602218491.195877;0
235;2019-07-08;1622445007.192831;0
236;2019-07-15;1673084953.699424;0
237;2019-07-22;1571030567.63257;0
238;2019-07-29;1591949371.564771;0
239;2019-08-05;1468375705.711427;0
240;2019-08-12;1355238856.305669;0
241;2019-08-19;1488629025.403544;0
242;2019-08-26;1732645444.213159;0
243;2019-09-02;1510217034.931804;0
244;2019-09-09;1324207690.805702;0
245;2019-09-16;1207700488.717317;0
246;2019-09-23;1162995009.513925;0
247;2019-09-30;1183171040.213533;0
248;2019-10-07;1092658536.607962;0
249;2019-10-14;1093133939.535625;0
250;2019-10-21;1314272527.647902;0
251;2019-10-28;1471380737.740559;0
252;2019-11-04;1243846922.27578;0
253;2019-11-11;1271249503.926719;0
254;2019-11-18;1354360340.127891;0
255;2019-11-25;1357164779.543895;0
256;2019-12-02;1136710761.605002;0
257;2019-12-09;1306424083.135802;0
258;2019-12-16;1340425228.124056;0
259;2019-12-23;1118028812.314605;0
260;2019-12-30;921566873.272066;0
261;2020-01-06;962914769.952372;0
262;2020-01-13;1216726226.492597;0
263;2020-01-20;1257642040.909183;0
264;2020-01-27;1433681095.620311;0
265;2020-02-03;1123657098.404058;0
266;2020-02-10;1178496192.404764;0
267;2020-02-17;1176638644.969407;0
268;2020-02-24;1105630207.0900161;0
269;2020-03-02;1206657056.620543;0
270;2020-03-09;1315272921.6401129;0
271;2020-03-16;1132202051.883436;0
272;2020-03-23;1123551816.868514;0
273;2020-03-30;1128260018.433839;0
274;2020-04-06;1107706887.429835;0
275;2020-04-13;1092922738.128;0
276;2020-04-20;1119749600.771;0
277;2020-04-27;1126340576.802682;0
278;2020-05-04;1150029782.708168;0
279;2020-05-11;1213365853.5258281;0
280;2020-05-18;1326281483.803038;0
281;2020-05-25;1295753803.314949;0
282;2020-06-01;1266746823.631461;0
283;2020-06-08;1331119911.914546;0
284;2020-06-15;1219754006.273069;0
285;2020-06-22;1287452325.58674;0
286;2020-06-29;1380997311.059434;0
287;2020-07-06;1342683179.793779;0
288;2020-07-13;1304535141.895456;0
289;2020-07-20;1274545841.399129;0
290;2020-07-27;1208923492.757725;0
291;2020-08-03;1249152049.167654;0
292;2020-08-10;1158398415.001718;0
293;2020-08-17;1318203396.189082;0
294;2020-08-24;1326708957.080243;0
295;2020-08-31;1332099023.355864;0
296;2020-09-07;1338665833.271755;0
297;2020-09-14;1279085695.813482;0
298;2020-09-21;1200829131.319027;0
299;2020-09-28;1203289184.970814;0
300;2020-10-05;1368960403.656679;0
301;2020-10-12;1330538344.4747;0
302;2020-10-19;1256102146.950529;0
303;2020-10-26;1087653285.503091;0
304;2020-11-02;1119923194.703875;0
305;2020-11-09;1187659840.224736;0
306;2020-11-16;1147138431.42232;0
307;2020-11-23;1118530209.488793;0
308;2020-11-30;1311959957.605865;0
309;2020-12-07;1264519527.271492;0
310;2020-12-14;1144064687.332704;0
311;2020-12-21;1073319434.401012;0
312;2020-12-28;920411187.554;0
313;2021-01-04;925504433.676498;0
314;2021-01-11;1320641711.315355;0
315;2021-01-18;1293383780.221008;0
316;2021-01-25;1160436266.125438;0
317;2021-02-01;1195540503.843644;0
318;2021-02-08;1163229788.218761;0
319;2021-02-15;1355766668.749642;0
320;2021-02-22;1064853542.273375;0
321;2021-03-01;1071532027.251856;0
322;2021-03-08;1221437826.867654;0
323;2021-03-15;1115090934.42484;0
324;2021-03-22;1084882590.617324;0
325;2021-03-29;1026141023.456921;0
326;2021-04-05;1055641949.962524;0
327;2021-04-12;1194309491.518109;0
328;2021-04-19;988463357.845148;0
329;2021-04-26;953846728.92887;0
330;2021-05-03;1132214551.10652;0
331;2021-05-10;1131960190.10408;0
332;2021-05-17;1278288023.267421;0
333;2021-05-24;1048928673.763954;0
334;2021-05-31;909595468.662171;0
335;2021-06-07;1070162289.424296;0
336;2021-06-14;1228825516.269167;0
337;2021-06-21;1320684827.207142;0
338;2021-06-28;1321990025.532352;0
339;2021-07-05;1335154023.51168;0
340;2021-07-12;1404300557.541115;0
341;2021-07-19;1401197797.359763;0
342;2021-07-26;1376260672.459524;0
343;2021-08-02;1330524153.563589;0
344;2021-08-09;1338044213.337391;0
345;2021-08-16;1326127918.983715;0
346;2021-08-23;1167730190.987794;0
347;2021-08-30;1085727265.568975;0
348;2021-09-06;1022125712.073075;0
349;2021-09-13;1007052928.451596;0
350;2021-09-20;1040632350.560931;0
351;2021-09-27;918692482.914919;0
352;2021-10-04;814661165.325557;0
353;2021-10-11;942571992.564205;0
354;2021-10-18;850142088.263228;0
355;2021-10-25;851354329.571092;0
356;2021-11-01;742291353.287405;0
357;2021-11-08;900407455.674205;0
358;2021-11-15;993174403.0958201;0
359;2021-11-22;958566901.256723;0
360;2021-11-29;1003078889.613798;0
361;2021-12-06;987729064.01248;0
362;2021-12-13;1082776568.255831;0
363;2021-12-20;1143731229.31514;0
364;2021-12-27;1005729974.118053;0
365;2022-01-03;928936872.025998;0
366;2022-01-10;1025381359.999286;0
367;2022-01-17;1143787606.334476;0
368;2022-01-24;1154338563.640914;0
369;2022-01-31;1183390042.366004;0
370;2022-02-07;1028386306.197424;0
371;2022-02-14;1021803565.611707;0
372;2022-02-21;994329768.103013;0
373;2022-02-28;1043807894.415157;0
374;2022-03-07;1042470575.4517701;0
375;2022-03-14;924780391.855472;0
376;2022-03-21;1021278345.406406;0
377;2022-03-28;975519891.980611;0
378;2022-04-04;1140256183.269453;0
379;2022-04-11;1036746396.863955;0
380;2022-04-18;1024068898.58;0
381;2022-04-25;1112278484.622987;0
382;2022-05-02;1072235316.201854;0
383;2022-05-09;1114507258.530754;0
384;2022-05-16;1229121427.096055;0
385;2022-05-23;1327667340.108359;0
386;2022-05-30;1122896930.86949;0
387;2022-06-06;1072650538.047644;0
388;2022-06-13;1109736230.512444;0
389;2022-06-20;1049483111.55756;0
390;2022-06-27;1115707038.287624;0
391;2022-07-04;1166654893.502152;0
392;2022-07-11;1120055282.04365;0
393;2022-07-18;1286870444.876314;0
394;2022-07-25;1418572270.09553;0
395;2022-08-01;1292375034.244634;0
396;2022-08-08;1173731040.93001;0
397;2022-08-15;1228930422.159243;0
398;2022-08-22;1180745301.811478;0
399;2022-08-29;1241511412.837597;0
400;2022-09-05;1137326240.056545;0
401;2022-09-12;1263575639.389314;0
402;2022-09-19;1131677649.982997;0
403;2022-09-26;1049233800.740465;0
404;2022-10-03;1084453383.845491;0
405;2022-10-10;1067590072.720753;0
406;2022-10-17;984859824.657225;0
407;2022-10-24;1071177816.311153;0
408;2022-10-31;1215083536.3235111;0
409;2022-11-07;977529991.563626;0
410;2022-11-14;1020988604.410333;0
411;2022-11-21;970495922.929662;0
412;2022-11-28;948787959.551498;0
413;2022-12-05;1120980881.935295;0
414;2022-12-12;1151938798.663381;0
415;2022-12-19;1249935932.721626;0
416;2022-12-26;917585946.183737;0
417;2023-01-02;941689626.358664;0
418;2023-01-09;967720814.80103;0
419;2023-01-16;1005521283.568997;0
420;2023-01-23;1369453637.656;0
421;2023-01-30;1344837269.0942621;0
422;2023-02-06;1083448996.383744;0
423;2023-02-13;1220861285.306702;0
424;2023-02-20;1017541034.544015;0
425;2023-02-27;1115666923.798061;0
426;2023-03-06;1073104253.1938703;0
427;2023-03-13;1030541582.5896796;1
428;2023-03-20;1065230424.6289822;1
429;2023-03-27;1031686357.0476954;1
430;2023-04-03;1111694348.011211;1
431;2023-04-10;1091367375.0846221;1
432;2023-04-17;1048765510.109902;1
433;2023-04-24;1097490745.9672124;1
434;2023-05-01;1119826960.800701;1
435;2023-05-08;1154065176.937264;1
436;2023-05-15;1247633349.8089864;1
437;2023-05-22;1248200740.0598495;1
438;2023-05-29;1135137065.5724108;1
439;2023-06-05;1146591998.14709;1
440;2023-06-12;1190900730.3430088;1
441;2023-06-19;1199870728.4871697;1
442;2023-06-26;1272640727.2482424;1
443;2023-07-03;1294013820.5736504;1
444;2023-07-10;1283869887.5757122;1
445;2023-07-17;1330236552.0636306;1
446;2023-07-24;1355671863.3503888;1
447;2023-07-31;1294737799.93924;1
448;2023-08-07;1215693200.689932;1
449;2023-08-14;1253318281.9839869;1
450;2023-08-21;1227445865.8866093;1
451;2023-08-28;1207151932.7961175;1
452;2023-09-04;1131113200.3236089;1
453;2023-09-11;1158083302.9353993;1
454;2023-09-18;1084140690.4403667;1
455;2023-09-25;1020492424.6484929;1
456;2023-10-02;1021501696.8352557;1
457;2023-10-09;1034493622.5256095;1
458;2023-10-16;989930174.8775067;1
459;2023-10-23;1015265994.7920096;1
460;2023-10-30;1030773460.3364934;1
461;2023-11-06;1008252864.4337943;1
462;2023-11-13;1042750315.9933777;1
463;2023-11-20;1023893108.1983479;1
464;2023-11-27;1029230893.6609224;1
465;2023-12-04;1096337866.6050162;1
466;2023-12-11;1132468482.5026937;1
467;2023-12-18;1120330764.3556848;1
468;2023-12-25;923621459.9211019;1
469;2024-01-01;937888448.1877561;1
470;2024-01-08;1069782716.1383647;1
471;2024-01-15;1119621402.5518665;1
472;2024-01-22;1254930339.2162464;1
473;2024-01-29;1215382549.983574;1
474;2024-02-05;1078670383.4064863;1
475;2024-02-12;1154139617.2558718;1
476;2024-02-19;1028679223.0427114;1
477;2024-02-26;1093014189.4338057;1
478;2024-03-04;1105685739.8494592;1
479;2024-03-11;1013592289.2755443;1
480;2024-03-18;1050086077.8586408;1
481;2024-03-25;1018574112.3580755;1
482;2024-04-01;1099702730.5019393;1
483;2024-04-08;1081434767.1220148;1
484;2024-04-15;1039927506.3309733;1
485;2024-04-22;1089517711.887151;1
486;2024-04-29;1113275138.9606693;1
487;2024-05-06;1148325785.788459;1
488;2024-05-13;1242507598.3277757;1
489;2024-05-20;1243064672.022886;1
490;2024-05-27;1131209763.9547749;1
491;2024-06-03;1143594376.8849897;1
492;2024-06-10;1188394848.4831069;1
493;2024-06-17;1198226600.533736;1
494;2024-06-24;1271379190.681526;1
495;2024-07-01;1292844232.2903118;1
496;2024-07-08;1283208492.061159;1
497;2024-07-15;1328973300.8554726;1
498;2024-07-22;1353875731.2348464;1
499;2024-07-29;1293561919.7474577;1
500;2024-08-05;1214939626.239891;1
501;2024-08-12;1252575412.3814151;1
502;2024-08-19;1226971049.3495593;1
503;2024-08-26;1206220782.2248995;1
504;2024-09-02;1130463027.2727087;1
505;2024-09-09;1156827961.1453094;1
506;2024-09-16;1083350312.6706061;1
507;2024-09-23;1019889638.3341087;1
508;2024-09-30;1020715107.5901033;1
509;2024-10-07;1033956746.2208527;1
510;2024-10-14;989694454.5385104;1
511;2024-10-21;1014645607.1187917;1
512;2024-10-28;1029301126.4811132;1
513;2024-11-04;1008283311.4174428;1
514;2024-11-11;1042741994.3118725;1
515;2024-11-18;1024121940.0545774;1
516;2024-11-25;1029662849.5739716;1
517;2024-12-02;1096063348.6998668;1
518;2024-12-09;1132242767.1284823;1
519;2024-12-16;1119360310.599863;1
520;2024-12-23;923592649.2188847;1
521;2024-12-30;937800946.4952002;1
522;2025-01-06;1070429965.2544376;1
523;2025-01-13;1120358090.5029504;1
524;2025-01-20;1254102886.665969;1
525;2025-01-27;1214457724.8450494;1
526;2025-02-03;1078606278.114762;1
527;2025-02-10;1153654069.0737157;1
528;2025-02-17;1028731820.2527804;1
529;2025-02-24;1092837743.6807358;1
530;2025-03-03;1105532496.0034862;1
531;2025-03-10;1013459946.4267398;1
532;2025-03-17;1049968141.4617314;1
533;2025-03-24;1018471888.7254552;1
534;2025-03-31;1099609738.4808064;1
535;2025-04-07;1081357257.2747939;1
536;2025-04-14;1039858686.3999906;1
537;2025-04-21;1089455856.9494991;1
538;2025-04-28;1113223939.702901;1
539;2025-05-05;1148280948.485762;1
540;2025-05-12;1242467659.0825927;1
541;2025-05-19;1243025259.5983334;1
542;2025-05-26;1131179174.9283106;1
543;2025-06-02;1143570628.7783425;1
544;2025-06-09;1188374876.2027912;1
545;2025-06-16;1198212894.8208232;1
546;2025-06-23;1271368416.9624317;1
547;2025-06-30;1292834356.1792054;1
548;2025-07-07;1283202338.5152667;1
549;2025-07-14;1328963217.363586;1
550;2025-07-21;1353862165.8399403;1
551;2025-07-28;1293552769.1002944;1
552;2025-08-04;1214933511.3827865;1
553;2025-08-11;1252569489.5681744;1
554;2025-08-18;1226967070.9497979;1
555;2025-08-25;1206213760.4999905;1
556;2025-09-01;1130458014.2380364;1
557;2025-09-08;1156818861.2810872;1
558;2025-09-15;1083344466.315271;1
559;2025-09-22;1019885133.0336759;1
560;2025-09-29;1020709386.1636975;1
561;2025-10-06;1033952779.9883344;1
562;2025-10-13;989692591.6968596;1
563;2025-10-20;1014641133.3848917;1
564;2025-10-27;1029290828.9699092;1
565;2025-11-03;1008283357.647863;1
566;2025-11-10;1042741794.8430943;1
567;2025-11-17;1024123387.1707791;1
568;2025-11-24;1029665707.3161118;1
569;2025-12-01;1096061368.4940033;1
570;2025-12-08;1132241134.0494666;1
571;2025-12-15;1119353573.5538964;1
572;2025-12-22;923592387.9840211;1
573;2025-12-29;937800290.1983812;1
574;2026-01-05;1070434361.7896023;1
575;2026-01-12;1120363107.3572655;1
576;2026-01-19;1254097167.2370164;1
577;2026-01-26;1214451341.3789327;1
578;2026-02-02;1078605809.651644;1
579;2026-02-09;1153650709.9430466;1
580;2026-02-16;1028732159.9063168;1
581;2026-02-23;1092836513.1174307;1
582;2026-03-02;1105531427.1532302;1
583;2026-03-09;1013459023.1885617;1
584;2026-03-16;1049967318.9729768;1
585;2026-03-23;1018471175.7283033;1
586;2026-03-30;1099609090.2664633;1
587;2026-04-06;1081356716.5937886;1
588;2026-04-13;1039858206.4543008;1
589;2026-04-20;1089455425.759905;1
590;2026-04-27;1113223582.4983063;1
591;2026-05-04;1148280635.6774309;1
592;2026-05-11;1242467380.5282693;1
593;2026-05-18;1243024985.2010577;1
594;2026-05-25;1131178961.5962055;1
595;2026-06-01;1143570462.8374615;1
596;2026-06-08;1188374736.5519042;1
597;2026-06-15;1198212798.5195282;1
598;2026-06-22;1271368341.0711377;1
599;2026-06-29;1292834286.6922653;1
600;2026-07-06;1283202294.8025796;1
601;2026-07-13;1328963146.8456395;1
602;2026-07-20;1353862071.5705101;1
603;2026-07-27;1293552705.28883;1
604;2026-08-03;1214933468.541739;1
605;2026-08-10;1252569448.152897;1
606;2026-08-17;1226967042.9810712;1
607;2026-08-24;1206213711.7131078;1
608;2026-08-31;1130457979.3170366;1
609;2026-09-07;1156818798.3564444;1
610;2026-09-14;1083344425.7883458;1
611;2026-09-21;1019885101.7639612;1
612;2026-09-28;1020709346.5839388;1
613;2026-10-05;1033952752.4986005;1
614;2026-10-12;989692578.6837808;1
615;2026-10-19;1014641102.4694735;1
616;2026-10-26;1029290758.0844012;1
617;2026-11-02;1008283357.8184321;1
618;2026-11-09;1042741793.3448728;1
619;2026-11-16;1024123396.99655;1
620;2026-11-23;1029665726.8434014;1
621;2026-11-30;1096061354.8094127;1
622;2026-12-07;1132241122.7595499;1
623;2026-12-14;1119353527.2223115;1
624;2026-12-21;923592386.1328366;1
625;2026-12-28;937800285.6413496;1
626;2027-01-04;1070434391.9388182;1
627;2027-01-11;1120363141.7719836;1
628;2027-01-18;1254097127.9259245;1
629;2027-01-25;1214451297.5118206;1
630;2027-02-01;1078605806.4090474;1
631;2027-02-08;1153650686.8522182;1
632;2027-02-15;1028732162.2194186;1
633;2027-02-22;1092836504.6496382;1
634;2027-03-01;1105531419.7981331;1
635;2027-03-08;1013459016.8353174;1
636;2027-03-15;1049967313.3132582;1
637;2027-03-22;1018471170.8219402;1
638;2027-03-29;1099609085.806241;1
639;2027-04-05;1081356712.8731356;1
640;2027-04-12;1039858203.1516974;1
641;2027-04-19;1089455422.7929645;1
642;2027-04-26;1113223580.040181;1
643;2027-05-03;1148280633.5248306;1
644;2027-05-10;1242467378.6114624;1
645;2027-05-17;1243024983.3132854;1
646;2027-05-24;1131178960.1282187;1
647;2027-05-31;1143570461.6953018;1
648;2027-06-07;1188374735.5906136;1
649;2027-06-14;1198212797.8562212;1
650;2027-06-21;1271368340.5482428;1
651;2027-06-28;1292834286.2135682;1
652;2027-07-05;1283202294.5010748;1
653;2027-07-12;1328963146.3602169;1
654;2027-07-19;1353862070.9221206;1
655;2027-07-26;1293552704.8497345;1
656;2027-08-02;1214933468.2467666;1
657;2027-08-09;1252569447.8678124;1
658;2027-08-16;1226967042.788414;1
659;2027-08-23;1206213711.3775573;1
660;2027-08-30;1130457979.0767734;1
661;2027-09-06;1156818797.9239244;1
662;2027-09-13;1083344425.5096896;1
663;2027-09-20;1019885101.5489212;1
664;2027-09-27;1020709346.3118677;1
665;2027-10-04;1033952752.3095895;1
666;2027-10-11;989692578.5942159;1
667;2027-10-18;1014641102.2569906;1
668;2027-10-25;1029290757.5974487;1
669;2027-11-01;1008283357.8194709;1
670;2027-11-08;1042741793.3344681;1
671;2027-11-15;1024123397.0639265;1
672;2027-11-22;1029665726.9774152;1
673;2027-11-29;1096061354.7153575;1
674;2027-12-06;1132241122.6819496;1
675;2027-12-13;1119353526.9040737;1
676;2027-12-20;923592386.1200721;1
677;2027-12-27;937800285.6100094;1
678;2028-01-03;1070434392.1458263;1
679;2028-01-10;1120363142.0082898;1
680;2028-01-17;1254097127.6559284;1
681;2028-01-24;1214451297.21054;1
682;2028-01-31;1078605806.3867562;1
683;2028-02-07;1153650686.6936235;1
684;2028-02-14;1028732162.2352861;1
685;2028-02-21;1092836504.591471;1
686;2028-02-28;1105531419.7476091;1
687;2028-03-06;1013459016.7916752;1
688;2028-03-13;1049967313.2743802;1
689;2028-03-20;1018471170.7882372;1
690;2028-03-27;1099609085.775603;1
691;2028-04-03;1081356712.8475773;1
692;2028-04-10;1039858203.129011;1
693;2028-04-17;1089455422.772584;1
694;2028-04-24;1113223580.0232954;1
695;2028-05-01;1148280633.5100439;1
696;2028-05-08;1242467378.5982955;1
697;2028-05-15;1243024983.3003182;1
698;2028-05-22;1131178960.1181347;1
699;2028-05-29;1143570461.6874557;1
700;2028-06-05;1188374735.58401;1
701;2028-06-12;1198212797.8516643;1
702;2028-06-19;1271368340.5446503;1
703;2028-06-26;1292834286.2102795;1
704;2028-07-03;1283202294.499003;1
705;2028-07-10;1328963146.3568823;1
706;2028-07-17;1353862070.917667;1
707;2028-07-24;1293552704.8467183;1
708;2028-07-31;1214933468.2447402;1
709;2028-08-07;1252569447.865854;1
710;2028-08-14;1226967042.7870903;1
711;2028-08-21;1206213711.3752525;1
712;2028-08-28;1130457979.075123;1
713;2028-09-04;1156818797.9209538;1
714;2028-09-11;1083344425.5077755;1
715;2028-09-18;1019885101.5474442;1
716;2028-09-25;1020709346.3099991;1
717;2028-10-02;1033952752.3082913;1
718;2028-10-09;989692578.5936006;1
719;2028-10-16;1014641102.2555312;1
720;2028-10-23;1029290757.5941044;1
721;2028-10-30;1008283357.8194779;1
722;2028-11-06;1042741793.3343966;1
723;2028-11-13;1024123397.0643891;1
724;2028-11-20;1029665726.9783355;1
725;2028-11-27;1096061354.7147117;1
726;2028-12-04;1132241122.6814167;1
727;2028-12-11;1119353526.9018881;1
728;2028-12-18;923592386.1199844;1
729;2028-12-25;937800285.6097941;1
730;2029-01-01;1070434392.1472479;1
731;2029-01-08;1120363142.0099125;1
732;2029-01-15;1254097127.6540742;1
733;2029-01-22;1214451297.208471;1
734;2029-01-29;1078605806.386603;1
735;2029-02-05;1153650686.6925344;1
736;2029-02-12;1028732162.2353951;1
737;2029-02-19;1092836504.5910714;1
738;2029-02-26;1105531419.7472622;1
739;2029-03-05;1013459016.7913755;1
740;2029-03-12;1049967313.2741132;1
741;2029-03-19;1018471170.7880057;1
742;2029-03-26;1099609085.7753925;1
743;2029-04-02;1081356712.8474019;1
744;2029-04-09;1039858203.1288552;1
745;2029-04-16;1089455422.772444;1
746;2029-04-23;1113223580.0231795;1
747;2029-04-30;1148280633.5099423;1
748;2029-05-07;1242467378.598205;1
749;2029-05-14;1243024983.300229;1
750;2029-05-21;1131178960.1180656;1
751;2029-05-28;1143570461.6874018;1
752;2029-06-04;1188374735.5839646;1
753;2029-06-11;1198212797.851633;1
754;2029-06-18;1271368340.5446258;1
755;2029-06-25;1292834286.2102568;1
756;2029-07-02;1283202294.4989886;1
757;2029-07-09;1328963146.3568594;1
758;2029-07-16;1353862070.9176364;1
759;2029-07-23;1293552704.8466976;1
760;2029-07-30;1214933468.2447264;1
761;2029-08-06;1252569447.8658407;1
762;2029-08-13;1226967042.7870812;1
763;2029-08-20;1206213711.3752367;1
764;2029-08-27;1130457979.0751116;1
765;2029-09-03;1156818797.9209332;1
766;2029-09-10;1083344425.5077624;1
767;2029-09-17;1019885101.5474341;1
768;2029-09-24;1020709346.3099862;1
769;2029-10-01;1033952752.3082824;1
770;2029-10-08;989692578.5935965;1
771;2029-10-15;1014641102.2555212;1
772;2029-10-22;1029290757.5940814;1
773;2029-10-29;1008283357.8194779;1
774;2029-11-05;1042741793.3343961;1
775;2029-11-12;1024123397.0643923;1
776;2029-11-19;1029665726.9783418;1
777;2029-11-26;1096061354.7147071;1
778;2029-12-03;1132241122.6814132;1
779;2029-12-10;1119353526.901873;1
780;2029-12-17;923592386.1199838;1
781;2029-12-24;937800285.6097927;1
782;2029-12-31;1070434392.1472577;1
783;2030-01-07;1120363142.0099237;1
784;2030-01-14;1254097127.6540616;1
785;2030-01-21;1214451297.2084568;1
786;2030-01-28;1078605806.3866022;1
787;2030-02-04;1153650686.692527;1
788;2030-02-11;1028732162.2353958;1
789;2030-02-18;1092836504.5910685;1
790;2030-02-25;1105531419.7472599;1
791;2030-03-04;1013459016.7913735;1
792;2030-03-11;1049967313.2741114;1
793;2030-03-18;1018471170.7880042;1
794;2030-03-25;1099609085.775391;1
795;2030-04-01;1081356712.8474007;1
796;2030-04-08;1039858203.1288542;1
797;2030-04-15;1089455422.772443;1
798;2030-04-22;1113223580.0231788;1
799;2030-04-29;1148280633.5099416;1
800;2030-05-06;1242467378.5982044;1
801;2030-05-13;1243024983.3002284;1
802;2030-05-20;1131178960.118065;1
803;2030-05-27;1143570461.6874013;1
804;2030-06-03;1188374735.5839643;1
805;2030-06-10;1198212797.8516328;1
806;2030-06-17;1271368340.5446255;1
807;2030-06-24;1292834286.2102566;1
808;2030-07-01;1283202294.4989886;1
809;2030-07-08;1328963146.3568592;1
810;2030-07-15;1353862070.9176362;1
811;2030-07-22;1293552704.8466973;1
812;2030-07-29;1214933468.2447264;1
813;2030-08-05;1252569447.8658407;1
814;2030-08-12;1226967042.7870812;1
815;2030-08-19;1206213711.3752367;1
816;2030-08-26;1130457979.0751116;1
817;2030-09-02;1156818797.920933;1
818;2030-09-09;1083344425.5077624;1
819;2030-09-16;1019885101.547434;1
820;2030-09-23;1020709346.3099861;1
821;2030-09-30;1033952752.3082823;1
822;2030-10-07;989692578.5935965;1
823;2030-10-14;1014641102.255521;1
824;2030-10-21;1029290757.5940813;1
825;2030-10-28;1008283357.8194779;1
826;2030-11-04;1042741793.3343961;1
827;2030-11-11;1024123397.0643923;1
828;2030-11-18;1029665726.9783418;1
829;2030-11-25;1096061354.7147071;1
830;2030-12-02;1132241122.6814132;1
831;2030-12-09;1119353526.901873;1
832;2030-12-16;923592386.1199838;1
833;2030-12-23;937800285.6097927;1
834;2030-12-30;1070434392.1472578;1
835;2031-01-06;1120363142.0099237;1
836;2031-01-13;1254097127.6540616;1
837;2031-01-20;1214451297.2084568;1
838;2031-01-27;1078605806.3866022;1
839;2031-02-03;1153650686.692527;1
840;2031-02-10;1028732162.2353958;1
841;2031-02-17;1092836504.5910685;1
842;2031-02-24;1105531419.7472599;1
843;2031-03-03;1013459016.7913735;1
844;2031-03-10;1049967313.2741114;1
845;2031-03-17;1018471170.7880042;1
846;2031-03-24;1099609085.775391;1
847;2031-03-31;1081356712.8474007;1
848;2031-04-07;1039858203.1288542;1
849;2031-04-14;1089455422.772443;1
850;2031-04-21;1113223580.0231788;1
851;2031-04-28;1148280633.5099416;1
852;2031-05-05;1242467378.5982044;1
853;2031-05-12;1243024983.3002284;1
854;2031-05-19;1131178960.118065;1
855;2031-05-26;1143570461.6874013;1
856;2031-06-02;1188374735.5839643;1
857;2031-06-09;1198212797.8516328;1
858;2031-06-16;1271368340.5446255;1
859;2031-06-23;1292834286.2102566;1
860;2031-06-30;1283202294.4989886;1
861;2031-07-07;1328963146.3568592;1
862;2031-07-14;1353862070.9176362;1
863;2031-07-21;1293552704.8466973;1
864;2031-07-28;1214933468.2447264;1
865;2031-08-04;1252569447.8658407;1
866;2031-08-11;1226967042.7870812;1
867;2031-08-18;1206213711.3752367;1
868;2031-08-25;1130457979.0751116;1
869;2031-09-01;1156818797.920933;1
870;2031-09-08;1083344425.5077624;1
871;2031-09-15;1019885101.547434;1
872;2031-09-22;1020709346.3099861;1
873;2031-09-29;1033952752.3082823;1
874;2031-10-06;989692578.5935965;1
875;2031-10-13;1014641102.255521;1
876;2031-10-20;1029290757.5940813;1
877;2031-10-27;1008283357.8194779;1
878;2031-11-03;1042741793.3343961;1
879;2031-11-10;1024123397.0643923;1
880;2031-11-17;1029665726.9783418;1
881;2031-11-24;1096061354.7147071;1
882;2031-12-01;1132241122.6814132;1
883;2031-12-08;1119353526.901873;1
884;2031-12-15;923592386.1199838;1
885;2031-12-22;937800285.6097927;1
886;2031-12-29;1070434392.1472578;1
887;2032-01-05;1120363142.0099237;1
888;2032-01-12;1254097127.6540616;1
889;2032-01-19;1214451297.2084568;1
890;2032-01-26;1078605806.3866022;1
891;2032-02-02;1153650686.692527;1
892;2032-02-09;1028732162.2353958;1
893;2032-02-16;1092836504.5910685;1
894;2032-02-23;1105531419.7472599;1
895;2032-03-01;1013459016.7913735;1
896;2032-03-08;1049967313.2741114;1
897;2032-03-15;1018471170.7880042;1
898;2032-03-22;1099609085.775391;1
899;2032-03-29;1081356712.8474007;1
900;2032-04-05;1039858203.1288542;1
901;2032-04-12;1089455422.772443;1
902;2032-04-19;1113223580.0231788;1
903;2032-04-26;1148280633.5099416;1
904;2032-05-03;1242467378.5982044;1
905;2032-05-10;1243024983.3002284;1
906;2032-05-17;1131178960.118065;1
907;2032-05-24;1143570461.6874013;1
908;2032-05-31;1188374735.5839643;1
909;2032-06-07;1198212797.8516328;1
910;2032-06-14;1271368340.5446255;1
911;2032-06-21;1292834286.2102566;1
912;2032-06-28;1283202294.4989886;1
913;2032-07-05;1328963146.3568592;1
914;2032-07-12;1353862070.9176362;1
915;2032-07-19;1293552704.8466973;1
916;2032-07-26;1214933468.2447264;1
917;2032-08-02;1252569447.8658407;1
918;2032-08-09;1226967042.7870812;1
919;2032-08-16;1206213711.3752367;1
920;2032-08-23;1130457979.0751116;1
921;2032-08-30;1156818797.920933;1
922;2032-09-06;1083344425.5077624;1
923;2032-09-13;1019885101.547434;1
924;2032-09-20;1020709346.3099861;1
925;2032-09-27;1033952752.3082823;1
926;2032-10-04;989692578.5935965;1
927;2032-10-11;1014641102.255521;1
928;2032-10-18;1029290757.5940813;1
929;2032-10-25;1008283357.8194779;1
930;2032-11-01;1042741793.3343961;1
931;2032-11-08;1024123397.0643923;1
932;2032-11-15;1029665726.9783418;1
933;2032-11-22;1096061354.7147071;1
934;2032-11-29;1132241122.6814132;1
935;2032-12-06;1119353526.901873;1
936;2032-12-13;923592386.1199838;1
937;2032-12-20;937800285.6097927;1
938;2032-12-27;1070434392.1472578;1
939;2033-01-03;1120363142.0099237;1
940;2033-01-10;1254097127.6540616;1
941;2033-01-17;1214451297.2084568;1
942;2033-01-24;1078605806.3866022;1
943;2033-01-31;1153650686.692527;1
944;2033-02-07;1028732162.2353958;1
945;2033-02-14;1092836504.5910685;1
946;2033-02-21;1105531419.7472599;1
947;2033-02-28;1013459016.7913735;1
948;2033-03-07;1049967313.2741114;1
949;2033-03-14;1018471170.7880042;1
950;2033-03-21;1099609085.775391;1
951;2033-03-28;1081356712.8474007;1
952;2033-04-04;1039858203.1288542;1
953;2033-04-11;1089455422.772443;1
954;2033-04-18;1113223580.0231788;1
955;2033-04-25;1148280633.5099416;1
956;2033-05-02;1242467378.5982044;1
957;2033-05-09;1243024983.3002284;1
958;2033-05-16;1131178960.118065;1
959;2033-05-23;1143570461.6874013;1
960;2033-05-30;1188374735.5839643;1
961;2033-06-06;1198212797.8516328;1
962;2033-06-13;1271368340.5446255;1
963;2033-06-20;1292834286.2102566;1
964;2033-06-27;1283202294.4989886;1
965;2033-07-04;1328963146.3568592;1
966;2033-07-11;1353862070.9176362;1
967;2033-07-18;1293552704.8466973;1
968;2033-07-25;1214933468.2447264;1
969;2033-08-01;1252569447.8658407;1
970;2033-08-08;1226967042.7870812;1
971;2033-08-15;1206213711.3752367;1
972;2033-08-22;1130457979.0751116;1
973;2033-08-29;1156818797.920933;1
974;2033-09-05;1083344425.5077624;1
975;2033-09-12;1019885101.547434;1
976;2033-09-19;1020709346.3099861;1
977;2033-09-26;1033952752.3082823;1
978;2033-10-03;989692578.5935965;1
979;2033-10-10;1014641102.255521;1
980;2033-10-17;1029290757.5940813;1
981;2033-10-24;1008283357.8194779;1
982;2033-10-31;1042741793.3343961;1
983;2033-11-07;1024123397.0643923;1
984;2033-11-14;1029665726.9783418;1
985;2033-11-21;1096061354.7147071;1
986;2033-11-28;1132241122.6814132;1
987;2033-12-05;1119353526.901873;1
988;2033-12-12;923592386.1199838;1
989;2033-12-19;937800285.6097927;1
990;2033-12-26;1070434392.1472578;1
991;2034-01-02;1120363142.0099237;1
992;2034-01-09;1254097127.6540616;1
993;2034-01-16;1214451297.2084568;1
994;2034-01-23;1078605806.3866022;1
995;2034-01-30;1153650686.692527;1
996;2034-02-06;1028732162.2353958;1
997;2034-02-13;1092836504.5910685;1
998;2034-02-20;1105531419.7472599;1
999;2034-02-27;1013459016.7913735;1
1000;2034-03-06;1049967313.2741114;1
1001;2034-03-13;1018471170.7880042;1
1002;2034-03-20;1099609085.775391;1
1003;2034-03-27;1081356712.8474007;1
1004;2034-04-03;1039858203.1288542;1
1005;2034-04-10;1089455422.772443;1
1006;2034-04-17;1113223580.0231788;1
1007;2034-04-24;1148280633.5099416;1
1008;2034-05-01;1242467378.5982044;1
1009;2034-05-08;1243024983.3002284;1
1010;2034-05-15;1131178960.118065;1
1011;2034-05-22;1143570461.6874013;1
1012;2034-05-29;1188374735.5839643;1
1013;2034-06-05;1198212797.8516328;1
1014;2034-06-12;1271368340.5446255;1
1015;2034-06-19;1292834286.2102566;1
1016;2034-06-26;1283202294.4989886;1
1017;2034-07-03;1328963146.3568592;1
1018;2034-07-10;1353862070.9176362;1
1019;2034-07-17;1293552704.8466973;1
1020;2034-07-24;1214933468.2447264;1
1021;2034-07-31;1252569447.8658407;1
1022;2034-08-07;1226967042.7870812;1
1023;2034-08-14;1206213711.3752367;1
1024;2034-08-21;1130457979.0751116;1
1025;2034-08-28;1156818797.920933;1
1026;2034-09-04;1083344425.5077624;1
1027;2034-09-11;1019885101.547434;1
1028;2034-09-18;1020709346.3099861;1
1029;2034-09-25;1033952752.3082823;1
1030;2034-10-02;989692578.5935965;1
1031;2034-10-09;1014641102.255521;1
1032;2034-10-16;1029290757.5940813;1
1033;2034-10-23;1008283357.8194779;1
1034;2034-10-30;1042741793.3343961;1
1035;2034-11-06;1024123397.0643923;1
1036;2034-11-13;1029665726.9783418;1
1037;2034-11-20;1096061354.7147071;1
1038;2034-11-27;1132241122.6814132;1
1039;2034-12-04;1119353526.901873;1
1040;2034-12-11;923592386.1199838;1
1041;2034-12-18;937800285.6097927;1
1042;2034-12-25;1070434392.1472578;1
1043;2035-01-01;1120363142.0099237;1
1044;2035-01-08;1254097127.6540616;1
1045;2035-01-15;1214451297.2084568;1
1046;2035-01-22;1078605806.3866022;1
1047;2035-01-29;1153650686.692527;1
1048;2035-02-05;1028732162.2353958;1
1049;2035-02-12;1092836504.5910685;1
1050;2035-02-19;1105531419.7472599;1
1051;2035-02-26;1013459016.7913735;1
1052;2035-03-05;1049967313.2741114;1
1053;2035-03-12;1018471170.7880042;1
1054;2035-03-19;1099609085.775391;1
1055;2035-03-26;1081356712.8474007;1
1056;2035-04-02;1039858203.1288542;1
1057;2035-04-09;1089455422.772443;1
1058;2035-04-16;1113223580.0231788;1
1059;2035-04-23;1148280633.5099416;1
1060;2035-04-30;1242467378.5982044;1
1061;2035-05-07;1243024983.3002284;1
1062;2035-05-14;1131178960.118065;1
1063;2035-05-21;1143570461.6874013;1
1064;2035-05-28;1188374735.5839643;1
1065;2035-06-04;1198212797.8516328;1
1066;2035-06-11;1271368340.5446255;1
1067;2035-06-18;1292834286.2102566;1
1068;2035-06-25;1283202294.4989886;1
1069;2035-07-02;1328963146.3568592;1
1070;2035-07-09;1353862070.9176362;1
1071;2035-07-16;1293552704.8466973;1
1072;2035-07-23;1214933468.2447264;1
1073;2035-07-30;1252569447.8658407;1
1074;2035-08-06;1226967042.7870812;1
1075;2035-08-13;1206213711.3752367;1
1076;2035-08-20;1130457979.0751116;1
1077;2035-08-27;1156818797.920933;1
1078;2035-09-03;1083344425.5077624;1
1079;2035-09-10;1019885101.547434;1
1080;2035-09-17;1020709346.3099861;1
1081;2035-09-24;1033952752.3082823;1
1082;2035-10-01;989692578.5935965;1
1083;2035-10-08;1014641102.255521;1
1084;2035-10-15;1029290757.5940813;1
1085;2035-10-22;1008283357.8194779;1
1086;2035-10-29;1042741793.3343961;1
1087;2035-11-05;1024123397.0643923;1
1088;2035-11-12;1029665726.9783418;1
1089;2035-11-19;1096061354.7147071;1
1090;2035-11-26;1132241122.6814132;1
1091;2035-12-03;1119353526.901873;1
1092;2035-12-10;923592386.1199838;1
1093;2035-12-17;937800285.6097927;1
1094;2035-12-24;1070434392.1472578;1
1095;2035-12-31;1120363142.0099237;1
1096;2036-01-07;1254097127.6540616;1
1097;2036-01-14;1214451297.2084568;1
1098;2036-01-21;1078605806.3866022;1
1099;2036-01-28;1153650686.692527;1
1100;2036-02-04;1028732162.2353958;1
1101;2036-02-11;1092836504.5910685;1
1102;2036-02-18;1105531419.7472599;1
1103;2036-02-25;1013459016.7913735;1
1104;2036-03-03;1049967313.2741114;1
1105;2036-03-10;1018471170.7880042;1
1106;2036-03-17;1099609085.775391;1
1107;2036-03-24;1081356712.8474007;1
1108;2036-03-31;1039858203.1288542;1
1109;2036-04-07;1089455422.772443;1
1110;2036-04-14;1113223580.0231788;1
1111;2036-04-21;1148280633.5099416;1
1112;2036-04-28;1242467378.5982044;1
1113;2036-05-05;1243024983.3002284;1
1114;2036-05-12;1131178960.118065;1
1115;2036-05-19;1143570461.6874013;1
1116;2036-05-26;1188374735.5839643;1
1117;2036-06-02;1198212797.8516328;1
1118;2036-06-09;1271368340.5446255;1
1119;2036-06-16;1292834286.2102566;1
1120;2036-06-23;1283202294.4989886;1
1121;2036-06-30;1328963146.3568592;1
1122;2036-07-07;1353862070.9176362;1
1123;2036-07-14;1293552704.8466973;1
1124;2036-07-21;1214933468.2447264;1
1125;2036-07-28;1252569447.8658407;1
1126;2036-08-04;1226967042.7870812;1
1127;2036-08-11;1206213711.3752367;1
1128;2036-08-18;1130457979.0751116;1
1129;2036-08-25;1156818797.920933;1
1130;2036-09-01;1083344425.5077624;1
1131;2036-09-08;1019885101.547434;1
1132;2036-09-15;1020709346.3099861;1
1133;2036-09-22;1033952752.3082823;1
1134;2036-09-29;989692578.5935965;1
1135;2036-10-06;1014641102.255521;1
1136;2036-10-13;1029290757.5940813;1
1137;2036-10-20;1008283357.8194779;1
1138;2036-10-27;1042741793.3343961;1
1139;2036-11-03;1024123397.0643923;1
1140;2036-11-10;1029665726.9783418;1
1141;2036-11-17;1096061354.7147071;1
1142;2036-11-24;1132241122.6814132;1
1143;2036-12-01;1119353526.901873;1
1144;2036-12-08;923592386.1199838;1
1145;2036-12-15;937800285.6097927;1
1146;2036-12-22;1070434392.1472578;1
1147;2036-12-29;1120363142.0099237;1
1148;2037-01-05;1254097127.6540616;1
1149;2037-01-12;1214451297.2084568;1
1150;2037-01-19;1078605806.3866022;1
1151;2037-01-26;1153650686.692527;1
1152;2037-02-02;1028732162.2353958;1
1153;2037-02-09;1092836504.5910685;1
1154;2037-02-16;1105531419.7472599;1
1155;2037-02-23;1013459016.7913735;1
1156;2037-03-02;1049967313.2741114;1
1157;2037-03-09;1018471170.7880042;1
1158;2037-03-16;1099609085.775391;1
1159;2037-03-23;1081356712.8474007;1
1160;2037-03-30;1039858203.1288542;1
1161;2037-04-06;1089455422.772443;1
1162;2037-04-13;1113223580.0231788;1
1163;2037-04-20;1148280633.5099416;1
1164;2037-04-27;1242467378.5982044;1
1165;2037-05-04;1243024983.3002284;1
1166;2037-05-11;1131178960.118065;1
1167;2037-05-18;1143570461.6874013;1
1168;2037-05-25;1188374735.5839643;1
1169;2037-06-01;1198212797.8516328;1
1170;2037-06-08;1271368340.5446255;1
1171;2037-06-15;1292834286.2102566;1
1172;2037-06-22;1283202294.4989886;1
1173;2037-06-29;1328963146.3568592;1
1174;2037-07-06;1353862070.9176362;1
1175;2037-07-13;1293552704.8466973;1
1176;2037-07-20;1214933468.2447264;1
1177;2037-07-27;1252569447.8658407;1
1178;2037-08-03;1226967042.7870812;1
1179;2037-08-10;1206213711.3752367;1
1180;2037-08-17;1130457979.0751116;1
1181;2037-08-24;1156818797.920933;1
1182;2037-08-31;1083344425.5077624;1
1183;2037-09-07;1019885101.547434;1
1184;2037-09-14;1020709346.3099861;1
1185;2037-09-21;1033952752.3082823;1
1186;2037-09-28;989692578.5935965;1
1187;2037-10-05;1014641102.255521;1
1188;2037-10-12;1029290757.5940813;1
1189;2037-10-19;1008283357.8194779;1
1190;2037-10-26;1042741793.3343961;1
1191;2037-11-02;1024123397.0643923;1
1192;2037-11-09;1029665726.9783418;1
1193;2037-11-16;1096061354.7147071;1
1194;2037-11-23;1132241122.6814132;1
1195;2037-11-30;1119353526.901873;1
1196;2037-12-07;923592386.1199838;1
1197;2037-12-14;937800285.6097927;1
1198;2037-12-21;1070434392.1472578;1
1199;2037-12-28;1120363142.0099237;1
1200;2038-01-04;1254097127.6540616;1
1201;2038-01-11;1214451297.2084568;1
1202;2038-01-18;1078605806.3866022;1
1203;2038-01-25;1153650686.692527;1
1204;2038-02-01;1028732162.2353958;1
1205;2038-02-08;1092836504.5910685;1
1206;2038-02-15;1105531419.7472599;1
1207;2038-02-22;1013459016.7913735;1
1208;2038-03-01;1049967313.2741114;1
1209;2038-03-08;1018471170.7880042;1
1210;2038-03-15;1099609085.775391;1
1211;2038-03-22;1081356712.8474007;1
1212;2038-03-29;1039858203.1288542;1
1213;2038-04-05;1089455422.772443;1
1214;2038-04-12;1113223580.0231788;1
1215;2038-04-19;1148280633.5099416;1
1216;2038-04-26;1242467378.5982044;1
1217;2038-05-03;1243024983.3002284;1
1218;2038-05-10;1131178960.118065;1
1219;2038-05-17;1143570461.6874013;1
1220;2038-05-24;1188374735.5839643;1
1221;2038-05-31;1198212797.8516328;1
1222;2038-06-07;1271368340.5446255;1
1223;2038-06-14;1292834286.2102566;1
1224;2038-06-21;1283202294.4989886;1
1225;2038-06-28;1328963146.3568592;1
1226;2038-07-05;1353862070.9176362;1
1227;2038-07-12;1293552704.8466973;1
1228;2038-07-19;1214933468.2447264;1
1229;2038-07-26;1252569447.8658407;1
1230;2038-08-02;1226967042.7870812;1
1231;2038-08-09;1206213711.3752367;1
1232;2038-08-16;1130457979.0751116;1
1233;2038-08-23;1156818797.920933;1
1234;2038-08-30;1083344425.5077624;1
1235;2038-09-06;1019885101.547434;1
1236;2038-09-13;1020709346.3099861;1
1237;2038-09-20;1033952752.3082823;1
1238;2038-09-27;989692578.5935965;1
1239;2038-10-04;1014641102.255521;1
1240;2038-10-11;1029290757.5940813;1
1241;2038-10-18;1008283357.8194779;1
1242;2038-10-25;1042741793.3343961;1
1243;2038-11-01;1024123397.0643923;1
1244;2038-11-08;1029665726.9783418;1
1245;2038-11-15;1096061354.7147071;1
1246;2038-11-22;1132241122.6814132;1
1247;2038-11-29;1119353526.901873;1
1248;2038-12-06;923592386.1199838;1
1249;2038-12-13;937800285.6097927;1
1250;2038-12-20;1070434392.1472578;1
1251;2038-12-27;1120363142.0099237;1
1252;2039-01-03;1254097127.6540616;1
1253;2039-01-10;1214451297.2084568;1
1254;2039-01-17;1078605806.3866022;1
1255;2039-01-24;1153650686.692527;1
1256;2039-01-31;1028732162.2353958;1
1257;2039-02-07;1092836504.5910685;1
1258;2039-02-14;1105531419.7472599;1
1259;2039-02-21;1013459016.7913735;1
1260;2039-02-28;1049967313.2741114;1
1261;2039-03-07;1018471170.7880042;1
1262;2039-03-14;1099609085.775391;1
1263;2039-03-21;1081356712.8474007;1
1264;2039-03-28;1039858203.1288542;1
1265;2039-04-04;1089455422.772443;1
1266;2039-04-11;1113223580.0231788;1
1267;2039-04-18;1148280633.5099416;1
1268;2039-04-25;1242467378.5982044;1
1269;2039-05-02;1243024983.3002284;1
1270;2039-05-09;1131178960.118065;1
1271;2039-05-16;1143570461.6874013;1
1272;2039-05-23;1188374735.5839643;1
1273;2039-05-30;1198212797.8516328;1
1274;2039-06-06;1271368340.5446255;1
1275;2039-06-13;1292834286.2102566;1
1276;2039-06-20;1283202294.4989886;1
1277;2039-06-27;1328963146.3568592;1
1278;2039-07-04;1353862070.9176362;1
1279;2039-07-11;1293552704.8466973;1
1280;2039-07-18;1214933468.2447264;1
1281;2039-07-25;1252569447.8658407;1
1282;2039-08-01;1226967042.7870812;1
1283;2039-08-08;1206213711.3752367;1
1284;2039-08-15;1130457979.0751116;1
1285;2039-08-22;1156818797.920933;1
1286;2039-08-29;1083344425.5077624;1
1287;2039-09-05;1019885101.547434;1
1288;2039-09-12;1020709346.3099861;1
1289;2039-09-19;1033952752.3082823;1
1290;2039-09-26;989692578.5935965;1
1291;2039-10-03;1014641102.255521;1
1292;2039-10-10;1029290757.5940813;1
1293;2039-10-17;1008283357.8194779;1
1294;2039-10-24;1042741793.3343961;1
1295;2039-10-31;1024123397.0643923;1
1296;2039-11-07;1029665726.9783418;1
1297;2039-11-14;1096061354.7147071;1
1298;2039-11-21;1132241122.6814132;1
1299;2039-11-28;1119353526.901873;1
1300;2039-12-05;923592386.1199838;1
1301;2039-12-12;937800285.6097927;1
1302;2039-12-19;1070434392.1472578;1
1303;2039-12-26;1120363142.0099237;1
1304;2040-01-02;1254097127.6540616;1
1305;2040-01-09;1214451297.2084568;1
1306;2040-01-16;1078605806.3866022;1
1307;2040-01-23;1153650686.692527;1
1308;2040-01-30;1028732162.2353958;1
1309;2040-02-06;1092836504.5910685;1
1310;2040-02-13;1105531419.7472599;1
1311;2040-02-20;1013459016.7913735;1
1312;2040-02-27;1049967313.2741114;1
1313;2040-03-05;1018471170.7880042;1
1314;2040-03-12;1099609085.775391;1
1315;2040-03-19;1081356712.8474007;1
1316;2040-03-26;1039858203.1288542;1
1317;2040-04-02;1089455422.772443;1
1318;2040-04-09;1113223580.0231788;1
1319;2040-04-16;1148280633.5099416;1
1320;2040-04-23;1242467378.5982044;1
1321;2040-04-30;1243024983.3002284;1
1322;2040-05-07;1131178960.118065;1
1323;2040-05-14;1143570461.6874013;1
1324;2040-05-21;1188374735.5839643;1
1325;2040-05-28;1198212797.8516328;1
1326;2040-06-04;1271368340.5446255;1
1327;2040-06-11;1292834286.2102566;1
1328;2040-06-18;1283202294.4989886;1
1329;2040-06-25;1328963146.3568592;1
1330;2040-07-02;1353862070.9176362;1
1331;2040-07-09;1293552704.8466973;1
1332;2040-07-16;1214933468.2447264;1
1333;2040-07-23;1252569447.8658407;1
1334;2040-07-30;1226967042.7870812;1
1335;2040-08-06;1206213711.3752367;1
1336;2040-08-13;1130457979.0751116;1
1337;2040-08-20;1156818797.920933;1
1338;2040-08-27;1083344425.5077624;1
1339;2040-09-03;1019885101.547434;1
1340;2040-09-10;1020709346.3099861;1
1341;2040-09-17;1033952752.3082823;1
1342;2040-09-24;989692578.5935965;1
1343;2040-10-01;1014641102.255521;1
1344;2040-10-08;1029290757.5940813;1
1345;2040-10-15;1008283357.8194779;1
1346;2040-10-22;1042741793.3343961;1
1347;2040-10-29;1024123397.0643923;1
1348;2040-11-05;1029665726.9783418;1
1349;2040-11-12;1096061354.7147071;1
1350;2040-11-19;1132241122.6814132;1
1351;2040-11-26;1119353526.901873;1
1352;2040-12-03;923592386.1199838;1
1353;2040-12-10;937800285.6097927;1
1354;2040-12-17;1070434392.1472578;1
1355;2040-12-24;1120363142.0099237;1
1356;2040-12-31;1254097127.6540616;1
1357;2041-01-07;1214451297.2084568;1
1358;2041-01-14;1078605806.3866022;1
1359;2041-01-21;1153650686.692527;1
1360;2041-01-28;1028732162.2353958;1
1361;2041-02-04;1092836504.5910685;1
1362;2041-02-11;1105531419.7472599;1
1363;2041-02-18;1013459016.7913735;1
1364;2041-02-25;1049967313.2741114;1
1365;2041-03-04;1018471170.7880042;1
1366;2041-03-11;1099609085.775391;1
1367;2041-03-18;1081356712.8474007;1
1368;2041-03-25;1039858203.1288542;1
1369;2041-04-01;1089455422.772443;1
1370;2041-04-08;1113223580.0231788;1
1371;2041-04-15;1148280633.5099416;1
1372;2041-04-22;1242467378.5982044;1
1373;2041-04-29;1243024983.3002284;1
1374;2041-05-06;1131178960.118065;1
1375;2041-05-13;1143570461.6874013;1
1376;2041-05-20;1188374735.5839643;1
1377;2041-05-27;1198212797.8516328;1
1378;2041-06-03;1271368340.5446255;1
1379;2041-06-10;1292834286.2102566;1
1380;2041-06-17;1283202294.4989886;1
1381;2041-06-24;1328963146.3568592;1
1382;2041-07-01;1353862070.9176362;1
1383;2041-07-08;1293552704.8466973;1
1384;2041-07-15;1214933468.2447264;1
1385;2041-07-22;1252569447.8658407;1
1386;2041-07-29;1226967042.7870812;1
1387;2041-08-05;1206213711.3752367;1
1388;2041-08-12;1130457979.0751116;1
1389;2041-08-19;1156818797.920933;1
1390;2041-08-26;1083344425.5077624;1
1391;2041-09-02;1019885101.547434;1
1392;2041-09-09;1020709346.3099861;1
1393;2041-09-16;1033952752.3082823;1
1394;2041-09-23;989692578.5935965;1
1395;2041-09-30;1014641102.255521;1
1396;2041-10-07;1029290757.5940813;1
1397;2041-10-14;1008283357.8194779;1
1398;2041-10-21;1042741793.3343961;1
1399;2041-10-28;1024123397.0643923;1
1400;2041-11-04;1029665726.9783418;1
1401;2041-11-11;1096061354.7147071;1
1402;2041-11-18;1132241122.6814132;1
1403;2041-11-25;1119353526.901873;1
1404;2041-12-02;923592386.1199838;1
1405;2041-12-09;937800285.6097927;1
1406;2041-12-16;1070434392.1472578;1
1407;2041-12-23;1120363142.0099237;1
1408;2041-12-30;1254097127.6540616;1
1409;2042-01-06;1214451297.2084568;1
1410;2042-01-13;1078605806.3866022;1
1411;2042-01-20;1153650686.692527;1
1412;2042-01-27;1028732162.2353958;1
1413;2042-02-03;1092836504.5910685;1
1414;2042-02-10;1105531419.7472599;1
1415;2042-02-17;1013459016.7913735;1
1416;2042-02-24;1049967313.2741114;1
1417;2042-03-03;1018471170.7880042;1
1418;2042-03-10;1099609085.775391;1
1419;2042-03-17;1081356712.8474007;1
1420;2042-03-24;1039858203.1288542;1
1421;2042-03-31;1089455422.772443;1
1422;2042-04-07;1113223580.0231788;1
1423;2042-04-14;1148280633.5099416;1
1424;2042-04-21;1242467378.5982044;1
1425;2042-04-28;1243024983.3002284;1
1426;2042-05-05;1131178960.118065;1
1427;2042-05-12;1143570461.6874013;1
1428;2042-05-19;1188374735.5839643;1
1429;2042-05-26;1198212797.8516328;1
1430;2042-06-02;1271368340.5446255;1
1431;2042-06-09;1292834286.2102566;1
1432;2042-06-16;1283202294.4989886;1
1433;2042-06-23;1328963146.3568592;1
1434;2042-06-30;1353862070.9176362;1
1435;2042-07-07;1293552704.8466973;1
1436;2042-07-14;1214933468.2447264;1
1437;2042-07-21;1252569447.8658407;1
1438;2042-07-28;1226967042.7870812;1
1439;2042-08-04;1206213711.3752367;1
1440;2042-08-11;1130457979.0751116;1
1441;2042-08-18;1156818797.920933;1
1442;2042-08-25;1083344425.5077624;1
1443;2042-09-01;1019885101.547434;1
1444;2042-09-08;1020709346.3099861;1
1445;2042-09-15;1033952752.3082823;1
1446;2042-09-22;989692578.5935965;1
1447;2042-09-29;1014641102.255521;1
1448;2042-10-06;1029290757.5940813;1
1449;2042-10-13;1008283357.8194779;1
1450;2042-10-20;1042741793.3343961;1
1451;2042-10-27;1024123397.0643923;1
1452;2042-11-03;1029665726.9783418;1
1453;2042-11-10;1096061354.7147071;1
1454;2042-11-17;1132241122.6814132;1
1455;2042-11-24;1119353526.901873;1
1456;2042-12-01;923592386.1199838;1
1457;2042-12-08;937800285.6097927;1
1458;2042-12-15;1070434392.1472578;1
1459;2042-12-22;1120363142.0099237;1
1460;2042-12-29;1254097127.6540616;1
1461;2043-01-05;1214451297.2084568;1
1462;2043-01-12;1078605806.3866022;1
1463;2043-01-19;1153650686.692527;1
1464;2043-01-26;1028732162.2353958;1
1465;2043-02-02;1092836504.5910685;1
1466;2043-02-09;1105531419.7472599;1
1467;2043-02-16;1013459016.7913735;1
1468;2043-02-23;1049967313.2741114;1
1469;2043-03-02;1018471170.7880042;1
1470;2043-03-09;1099609085.775391;1
1471;2043-03-16;1081356712.8474007;1
1472;2043-03-23;1039858203.1288542;1
1473;2043-03-30;1089455422.772443;1
1474;2043-04-06;1113223580.0231788;1
1475;2043-04-13;1148280633.5099416;1
1476;2043-04-20;1242467378.5982044;1
1477;2043-04-27;1243024983.3002284;1
1478;2043-05-04;1131178960.118065;1
1479;2043-05-11;1143570461.6874013;1
1480;2043-05-18;1188374735.5839643;1
1481;2043-05-25;1198212797.8516328;1
1482;2043-06-01;1271368340.5446255;1
1483;2043-06-08;1292834286.2102566;1
1484;2043-06-15;1283202294.4989886;1
1485;2043-06-22;1328963146.3568592;1
1486;2043-06-29;1353862070.9176362;1
1487;2043-07-06;1293552704.8466973;1
1488;2043-07-13;1214933468.2447264;1
1489;2043-07-20;1252569447.8658407;1
1490;2043-07-27;1226967042.7870812;1
1491;2043-08-03;1206213711.3752367;1
1492;2043-08-10;1130457979.0751116;1
1493;2043-08-17;1156818797.920933;1
1494;2043-08-24;1083344425.5077624;1
1495;2043-08-31;1019885101.547434;1
1496;2043-09-07;1020709346.3099861;1
1497;2043-09-14;1033952752.3082823;1
1498;2043-09-21;989692578.5935965;1
1499;2043-09-28;1014641102.255521;1
1500;2043-10-05;1029290757.5940813;1
1501;2043-10-12;1008283357.8194779;1
1502;2043-10-19;1042741793.3343961;1
1503;2043-10-26;1024123397.0643923;1
1504;2043-11-02;1029665726.9783418;1
1505;2043-11-09;1096061354.7147071;1
1506;2043-11-16;1132241122.6814132;1
1507;2043-11-23;1119353526.901873;1
1508;2043-11-30;923592386.1199838;1
1509;2043-12-07;937800285.6097927;1
1510;2043-12-14;1070434392.1472578;1
1511;2043-12-21;1120363142.0099237;1
1512;2043-12-28;1254097127.6540616;1
1513;2044-01-04;1214451297.2084568;1
1514;2044-01-11;1078605806.3866022;1
1515;2044-01-18;1153650686.692527;1
1516;2044-01-25;1028732162.2353958;1
1517;2044-02-01;1092836504.5910685;1
1518;2044-02-08;1105531419.7472599;1
1519;2044-02-15;1013459016.7913735;1
1520;2044-02-22;1049967313.2741114;1
1521;2044-02-29;1018471170.7880042;1
1522;2044-03-07;1099609085.775391;1
1523;2044-03-14;1081356712.8474007;1
1524;2044-03-21;1039858203.1288542;1
1525;2044-03-28;1089455422.772443;1
1526;2044-04-04;1113223580.0231788;1
1527;2044-04-11;1148280633.5099416;1
1528;2044-04-18;1242467378.5982044;1
1529;2044-04-25;1243024983.3002284;1
1530;2044-05-02;1131178960.118065;1
1531;2044-05-09;1143570461.6874013;1
1532;2044-05-16;1188374735.5839643;1
1533;2044-05-23;1198212797.8516328;1
1534;2044-05-30;1271368340.5446255;1
1535;2044-06-06;1292834286.2102566;1
1536;2044-06-13;1283202294.4989886;1
1537;2044-06-20;1328963146.3568592;1
1538;2044-06-27;1353862070.9176362;1
1539;2044-07-04;1293552704.8466973;1
1540;2044-07-11;1214933468.2447264;1
1541;2044-07-18;1252569447.8658407;1
1542;2044-07-25;1226967042.7870812;1
1543;2044-08-01;1206213711.3752367;1
1544;2044-08-08;1130457979.0751116;1
1545;2044-08-15;1156818797.920933;1
1546;2044-08-22;1083344425.5077624;1
1547;2044-08-29;1019885101.547434;1
1548;2044-09-05;1020709346.3099861;1
1549;2044-09-12;1033952752.3082823;1
1550;2044-09-19;989692578.5935965;1
1551;2044-09-26;1014641102.255521;1
1552;2044-10-03;1029290757.5940813;1
1553;2044-10-10;1008283357.8194779;1
1554;2044-10-17;1042741793.3343961;1
1555;2044-10-24;1024123397.0643923;1
1556;2044-10-31;1029665726.9783418;1
1557;2044-11-07;1096061354.7147071;1
1558;2044-11-14;1132241122.6814132;1
1559;2044-11-21;1119353526.901873;1
1560;2044-11-28;923592386.1199838;1
1561;2044-12-05;937800285.6097927;1
1562;2044-12-12;1070434392.1472578;1
1563;2044-12-19;1120363142.0099237;1
1564;2044-12-26;1254097127.6540616;1
1565;2045-01-02;1214451297.2084568;1
1566;2045-01-09;1078605806.3866022;1
1567;2045-01-16;1153650686.692527;1
1568;2045-01-23;1028732162.2353958;1
1569;2045-01-30;1092836504.5910685;1
1570;2045-02-06;1105531419.7472599;1
1571;2045-02-13;1013459016.7913735;1
1572;2045-02-20;1049967313.2741114;1
1573;2045-02-27;1018471170.7880042;1
1574;2045-03-06;1099609085.775391;1
1575;2045-03-13;1081356712.8474007;1
1576;2045-03-20;1039858203.1288542;1
1577;2045-03-27;1089455422.772443;1
1578;2045-04-03;1113223580.0231788;1
1579;2045-04-10;1148280633.5099416;1
1580;2045-04-17;1242467378.5982044;1
1581;2045-04-24;1243024983.3002284;1
1582;2045-05-01;1131178960.118065;1
1583;2045-05-08;1143570461.6874013;1
1584;2045-05-15;1188374735.5839643;1
1585;2045-05-22;1198212797.8516328;1
1586;2045-05-29;1271368340.5446255;1
1587;2045-06-05;1292834286.2102566;1
1588;2045-06-12;1283202294.4989886;1
1589;2045-06-19;1328963146.3568592;1
1590;2045-06-26;1353862070.9176362;1
1591;2045-07-03;1293552704.8466973;1
1592;2045-07-10;1214933468.2447264;1
1593;2045-07-17;1252569447.8658407;1
1594;2045-07-24;1226967042.7870812;1
1595;2045-07-31;1206213711.3752367;1
1596;2045-08-07;1130457979.0751116;1
1597;2045-08-14;1156818797.920933;1
1598;2045-08-21;1083344425.5077624;1
1599;2045-08-28;1019885101.547434;1
1600;2045-09-04;1020709346.3099861;1
1601;2045-09-11;1033952752.3082823;1
1602;2045-09-18;989692578.5935965;1
1603;2045-09-25;1014641102.255521;1
1604;2045-10-02;1029290757.5940813;1
1605;2045-10-09;1008283357.8194779;1
1606;2045-10-16;1042741793.3343961;1
1607;2045-10-23;1024123397.0643923;1
1608;2045-10-30;1029665726.9783418;1
1609;2045-11-06;1096061354.7147071;1
1610;2045-11-13;1132241122.6814132;1
1611;2045-11-20;1119353526.901873;1
1612;2045-11-27;923592386.1199838;1
1613;2045-12-04;937800285.6097927;1
1614;2045-12-11;1070434392.1472578;1
1615;2045-12-18;1120363142.0099237;1
1616;2045-12-25;1254097127.6540616;1
1617;2046-01-01;1214451297.2084568;1
1618;2046-01-08;1078605806.3866022;1
1619;2046-01-15;1153650686.692527;1
1620;2046-01-22;1028732162.2353958;1
1621;2046-01-29;1092836504.5910685;1
1622;2046-02-05;1105531419.7472599;1
1623;2046-02-12;1013459016.7913735;1
1624;2046-02-19;1049967313.2741114;1
1625;2046-02-26;1018471170.7880042;1
1626;2046-03-05;1099609085.775391;1
1627;2046-03-12;1081356712.8474007;1
1628;2046-03-19;1039858203.1288542;1
1629;2046-03-26;1089455422.772443;1
1630;2046-04-02;1113223580.0231788;1
1631;2046-04-09;1148280633.5099416;1
1632;2046-04-16;1242467378.5982044;1
1633;2046-04-23;1243024983.3002284;1
1634;2046-04-30;1131178960.118065;1
1635;2046-05-07;1143570461.6874013;1
1636;2046-05-14;1188374735.5839643;1
1637;2046-05-21;1198212797.8516328;1
1638;2046-05-28;1271368340.5446255;1
1639;2046-06-04;1292834286.2102566;1
1640;2046-06-11;1283202294.4989886;1
1641;2046-06-18;1328963146.3568592;1
1642;2046-06-25;1353862070.9176362;1
1643;2046-07-02;1293552704.8466973;1
1644;2046-07-09;1214933468.2447264;1
1645;2046-07-16;1252569447.8658407;1
1646;2046-07-23;1226967042.7870812;1
1647;2046-07-30;1206213711.3752367;1
1648;2046-08-06;1130457979.0751116;1
1649;2046-08-13;1156818797.920933;1
1650;2046-08-20;1083344425.5077624;1
1651;2046-08-27;1019885101.547434;1
1652;2046-09-03;1020709346.3099861;1
1653;2046-09-10;1033952752.3082823;1
1654;2046-09-17;989692578.5935965;1
1655;2046-09-24;1014641102.255521;1
1656;2046-10-01;1029290757.5940813;1
1657;2046-10-08;1008283357.8194779;1
1658;2046-10-15;1042741793.3343961;1
1659;2046-10-22;1024123397.0643923;1
1660;2046-10-29;1029665726.9783418;1
1661;2046-11-05;1096061354.7147071;1
1662;2046-11-12;1132241122.6814132;1
1663;2046-11-19;1119353526.901873;1
1664;2046-11-26;923592386.1199838;1
1665;2046-12-03;937800285.6097927;1
1666;2046-12-10;1070434392.1472578;1
1667;2046-12-17;1120363142.0099237;1
1668;2046-12-24;1254097127.6540616;1
1669;2046-12-31;1214451297.2084568;1
1670;2047-01-07;1078605806.3866022;1
1671;2047-01-14;1153650686.692527;1
1672;2047-01-21;1028732162.2353958;1
1673;2047-01-28;1092836504.5910685;1
1674;2047-02-04;1105531419.7472599;1
1675;2047-02-11;1013459016.7913735;1
1676;2047-02-18;1049967313.2741114;1
1677;2047-02-25;1018471170.7880042;1
1678;2047-03-04;1099609085.775391;1
1679;2047-03-11;1081356712.8474007;1
1680;2047-03-18;1039858203.1288542;1
1681;2047-03-25;1089455422.772443;1
1682;2047-04-01;1113223580.0231788;1
1683;2047-04-08;1148280633.5099416;1
1684;2047-04-15;1242467378.5982044;1
1685;2047-04-22;1243024983.3002284;1
1686;2047-04-29;1131178960.118065;1
1687;2047-05-06;1143570461.6874013;1
1688;2047-05-13;1188374735.5839643;1
1689;2047-05-20;1198212797.8516328;1
1690;2047-05-27;1271368340.5446255;1
1691;2047-06-03;1292834286.2102566;1
1692;2047-06-10;1283202294.4989886;1
1693;2047-06-17;1328963146.3568592;1
1694;2047-06-24;1353862070.9176362;1
1695;2047-07-01;1293552704.8466973;1
1696;2047-07-08;1214933468.2447264;1
1697;2047-07-15;1252569447.8658407;1
1698;2047-07-22;1226967042.7870812;1
1699;2047-07-29;1206213711.3752367;1
1700;2047-08-05;1130457979.0751116;1
1701;2047-08-12;1156818797.920933;1
1702;2047-08-19;1083344425.5077624;1
1703;2047-08-26;1019885101.547434;1
1704;2047-09-02;1020709346.3099861;1
1705;2047-09-09;1033952752.3082823;1
1706;2047-09-16;989692578.5935965;1
1707;2047-09-23;1014641102.255521;1
1708;2047-09-30;1029290757.5940813;1
1709;2047-10-07;1008283357.8194779;1
1710;2047-10-14;1042741793.3343961;1
1711;2047-10-21;1024123397.0643923;1
1712;2047-10-28;1029665726.9783418;1
1713;2047-11-04;1096061354.7147071;1
1714;2047-11-11;1132241122.6814132;1
1715;2047-11-18;1119353526.901873;1
1716;2047-11-25;923592386.1199838;1
1717;2047-12-02;937800285.6097927;1
1718;2047-12-09;1070434392.1472578;1
1719;2047-12-16;1120363142.0099237;1
1720;2047-12-23;1254097127.6540616;1
1721;2047-12-30;1214451297.2084568;1
1722;2048-01-06;1078605806.3866022;1
1723;2048-01-13;1153650686.692527;1
1724;2048-01-20;1028732162.2353958;1
1725;2048-01-27;1092836504.5910685;1
1726;2048-02-03;1105531419.7472599;1
1727;2048-02-10;1013459016.7913735;1
1728;2048-02-17;1049967313.2741114;1
1729;2048-02-24;1018471170.7880042;1
1730;2048-03-02;1099609085.775391;1
1731;2048-03-09;1081356712.8474007;1
1732;2048-03-16;1039858203.1288542;1
1733;2048-03-23;1089455422.772443;1
1734;2048-03-30;1113223580.0231788;1
1735;2048-04-06;1148280633.5099416;1
1736;2048-04-13;1242467378.5982044;1
1737;2048-04-20;1243024983.3002284;1
1738;2048-04-27;1131178960.118065;1
1739;2048-05-04;1143570461.6874013;1
1740;2048-05-11;1188374735.5839643;1
1741;2048-05-18;1198212797.8516328;1
1742;2048-05-25;1271368340.5446255;1
1743;2048-06-01;1292834286.2102566;1
1744;2048-06-08;1283202294.4989886;1
1745;2048-06-15;1328963146.3568592;1
1746;2048-06-22;1353862070.9176362;1
1747;2048-06-29;1293552704.8466973;1
1748;2048-07-06;1214933468.2447264;1
1749;2048-07-13;1252569447.8658407;1
1750;2048-07-20;1226967042.7870812;1
1751;2048-07-27;1206213711.3752367;1
1752;2048-08-03;1130457979.0751116;1
1753;2048-08-10;1156818797.920933;1
1754;2048-08-17;1083344425.5077624;1
1755;2048-08-24;1019885101.547434;1
1756;2048-08-31;1020709346.3099861;1
1757;2048-09-07;1033952752.3082823;1
1758;2048-09-14;989692578.5935965;1
1759;2048-09-21;1014641102.255521;1
1760;2048-09-28;1029290757.5940813;1
1761;2048-10-05;1008283357.8194779;1
1762;2048-10-12;1042741793.3343961;1
1763;2048-10-19;1024123397.0643923;1
1764;2048-10-26;1029665726.9783418;1
1765;2048-11-02;1096061354.7147071;1
1766;2048-11-09;1132241122.6814132;1
1767;2048-11-16;1119353526.901873;1
1768;2048-11-23;923592386.1199838;1
1769;2048-11-30;937800285.6097927;1
1770;2048-12-07;1070434392.1472578;1
1771;2048-12-14;1120363142.0099237;1
1772;2048-12-21;1254097127.6540616;1
1773;2048-12-28;1214451297.2084568;1
1774;2049-01-04;1078605806.3866022;1
1775;2049-01-11;1153650686.692527;1
1776;2049-01-18;1028732162.2353958;1
1777;2049-01-25;1092836504.5910685;1
1778;2049-02-01;1105531419.7472599;1
1779;2049-02-08;1013459016.7913735;1
1780;2049-02-15;1049967313.2741114;1
1781;2049-02-22;1018471170.7880042;1
1782;2049-03-01;1099609085.775391;1
1783;2049-03-08;1081356712.8474007;1
1784;2049-03-15;1039858203.1288542;1
1785;2049-03-22;1089455422.772443;1
1786;2049-03-29;1113223580.0231788;1
1787;2049-04-05;1148280633.5099416;1
1788;2049-04-12;1242467378.5982044;1
1789;2049-04-19;1243024983.3002284;1
1790;2049-04-26;1131178960.118065;1
1791;2049-05-03;1143570461.6874013;1
1792;2049-05-10;1188374735.5839643;1
1793;2049-05-17;1198212797.8516328;1
1794;2049-05-24;1271368340.5446255;1
1795;2049-05-31;1292834286.2102566;1
1796;2049-06-07;1283202294.4989886;1
1797;2049-06-14;1328963146.3568592;1
1798;2049-06-21;1353862070.9176362;1
1799;2049-06-28;1293552704.8466973;1
1800;2049-07-05;1214933468.2447264;1
1801;2049-07-12;1252569447.8658407;1
1802;2049-07-19;1226967042.7870812;1
1803;2049-07-26;1206213711.3752367;1
1804;2049-08-02;1130457979.0751116;1
1805;2049-08-09;1156818797.920933;1
1806;2049-08-16;1083344425.5077624;1
1807;2049-08-23;1019885101.547434;1
1808;2049-08-30;1020709346.3099861;1
1809;2049-09-06;1033952752.3082823;1
1810;2049-09-13;989692578.5935965;1
1811;2049-09-20;1014641102.255521;1
1812;2049-09-27;1029290757.5940813;1
1813;2049-10-04;1008283357.8194779;1
1814;2049-10-11;1042741793.3343961;1
1815;2049-10-18;1024123397.0643923;1
1816;2049-10-25;1029665726.9783418;1
1817;2049-11-01;1096061354.7147071;1
1818;2049-11-08;1132241122.6814132;1
1819;2049-11-15;1119353526.901873;1
1820;2049-11-22;923592386.1199838;1
1821;2049-11-29;937800285.6097927;1
1822;2049-12-06;1070434392.1472578;1
1823;2049-12-13;1120363142.0099237;1
1824;2049-12-20;1254097127.6540616;1
1825;2049-12-27;1214451297.2084568;1
1826;2050-01-03;1078605806.3866022;1
1827;2050-01-10;1153650686.692527;1
1828;2050-01-17;1028732162.2353958;1
1829;2050-01-24;1092836504.5910685;1
1830;2050-01-31;1105531419.7472599;1
1831;2050-02-07;1013459016.7913735;1
1832;2050-02-14;1049967313.2741114;1
1833;2050-02-21;1018471170.7880042;1
1834;2050-02-28;1099609085.775391;1
1835;2050-03-07;1081356712.8474007;1
1836;2050-03-14;1039858203.1288542;1
1837;2050-03-21;1089455422.772443;1
1838;2050-03-28;1113223580.0231788;1
1839;2050-04-04;1148280633.5099416;1
1840;2050-04-11;1242467378.5982044;1
1841;2050-04-18;1243024983.3002284;1
1842;2050-04-25;1131178960.118065;1
1843;2050-05-02;1143570461.6874013;1
1844;2050-05-09;1188374735.5839643;1
1845;2050-05-16;1198212797.8516328;1
1846;2050-05-23;1271368340.5446255;1
1847;2050-05-30;1292834286.2102566;1
1848;2050-06-06;1283202294.4989886;1
1849;2050-06-13;1328963146.3568592;1
1850;2050-06-20;1353862070.9176362;1
1851;2050-06-27;1293552704.8466973;1
1852;2050-07-04;1214933468.2447264;1
1853;2050-07-11;1252569447.8658407;1
1854;2050-07-18;1226967042.7870812;1
1855;2050-07-25;1206213711.3752367;1
1856;2050-08-01;1130457979.0751116;1
1857;2050-08-08;1156818797.920933;1
1858;2050-08-15;1083344425.5077624;1
1859;2050-08-22;1019885101.547434;1
1860;2050-08-29;1020709346.3099861;1
1861;2050-09-05;1033952752.3082823;1
1862;2050-09-12;989692578.5935965;1
1863;2050-09-19;1014641102.255521;1
1864;2050-09-26;1029290757.5940813;1
1865;2050-10-03;1008283357.8194779;1
1866;2050-10-10;1042741793.3343961;1
1867;2050-10-17;1024123397.0643923;1
1868;2050-10-24;1029665726.9783418;1
1869;2050-10-31;1096061354.7147071;1
1870;2050-11-07;1132241122.6814132;1
1871;2050-11-14;1119353526.901873;1
1872;2050-11-21;923592386.1199838;1
1873;2050-11-28;937800285.6097927;1
1874;2050-12-05;1070434392.1472578;1
1875;2050-12-12;1120363142.0099237;1
1876;2050-12-19;1254097127.6540616;1
1877;2050-12-26;1214451297.2084568;1
1878;2051-01-02;1078605806.3866022;1
1879;2051-01-09;1153650686.692527;1
1880;2051-01-16;1028732162.2353958;1
1881;2051-01-23;1092836504.5910685;1
1882;2051-01-30;1105531419.7472599;1
1883;2051-02-06;1013459016.7913735;1
1884;2051-02-13;1049967313.2741114;1
1885;2051-02-20;1018471170.7880042;1
1886;2051-02-27;1099609085.775391;1
1887;2051-03-06;1081356712.8474007;1
1888;2051-03-13;1039858203.1288542;1
1889;2051-03-20;1089455422.772443;1
1890;2051-03-27;1113223580.0231788;1
1891;2051-04-03;1148280633.5099416;1
1892;2051-04-10;1242467378.5982044;1
1893;2051-04-17;1243024983.3002284;1
1894;2051-04-24;1131178960.118065;1
1895;2051-05-01;1143570461.6874013;1
1896;2051-05-08;1188374735.5839643;1
1897;2051-05-15;1198212797.8516328;1
1898;2051-05-22;1271368340.5446255;1
1899;2051-05-29;1292834286.2102566;1
1900;2051-06-05;1283202294.4989886;1
1901;2051-06-12;1328963146.3568592;1
1902;2051-06-19;1353862070.9176362;1
1903;2051-06-26;1293552704.8466973;1
1904;2051-07-03;1214933468.2447264;1
1905;2051-07-10;1252569447.8658407;1
1906;2051-07-17;1226967042.7870812;1
1907;2051-07-24;1206213711.3752367;1
1908;2051-07-31;1130457979.0751116;1
1909;2051-08-07;1156818797.920933;1
1910;2051-08-14;1083344425.5077624;1
1911;2051-08-21;1019885101.547434;1
1912;2051-08-28;1020709346.3099861;1
1913;2051-09-04;1033952752.3082823;1
1914;2051-09-11;989692578.5935965;1
1915;2051-09-18;1014641102.255521;1
1916;2051-09-25;1029290757.5940813;1
1917;2051-10-02;1008283357.8194779;1
1918;2051-10-09;1042741793.3343961;1
1919;2051-10-16;1024123397.0643923;1
1920;2051-10-23;1029665726.9783418;1
1921;2051-10-30;1096061354.7147071;1
1922;2051-11-06;1132241122.6814132;1
1923;2051-11-13;1119353526.901873;1
1924;2051-11-20;923592386.1199838;1
1925;2051-11-27;937800285.6097927;1
1926;2051-12-04;1070434392.1472578;1
1927;2051-12-11;1120363142.0099237;1
1928;2051-12-18;1254097127.6540616;1
1929;2051-12-25;1214451297.2084568;1
1930;2052-01-01;1078605806.3866022;1
1931;2052-01-08;1153650686.692527;1
1932;2052-01-15;1028732162.2353958;1
1933;2052-01-22;1092836504.5910685;1
1934;2052-01-29;1105531419.7472599;1
1935;2052-02-05;1013459016.7913735;1
1936;2052-02-12;1049967313.2741114;1
1937;2052-02-19;1018471170.7880042;1
1938;2052-02-26;1099609085.775391;1
1939;2052-03-04;1081356712.8474007;1
1940;2052-03-11;1039858203.1288542;1
1941;2052-03-18;1089455422.772443;1
1942;2052-03-25;1113223580.0231788;1
1943;2052-04-01;1148280633.5099416;1
1944;2052-04-08;1242467378.5982044;1
1945;2052-04-15;1243024983.3002284;1
1946;2052-04-22;1131178960.118065;1
1947;2052-04-29;1143570461.6874013;1
1948;2052-05-06;1188374735.5839643;1
1949;2052-05-13;1198212797.8516328;1
1950;2052-05-20;1271368340.5446255;1
1951;2052-05-27;1292834286.2102566;1
1952;2052-06-03;1283202294.4989886;1
1953;2052-06-10;1328963146.3568592;1
1954;2052-06-17;1353862070.9176362;1
1955;2052-06-24;1293552704.8466973;1
1956;2052-07-01;1214933468.2447264;1
1957;2052-07-08;1252569447.8658407;1
1958;2052-07-15;1226967042.7870812;1
1959;2052-07-22;1206213711.3752367;1
1960;2052-07-29;1130457979.0751116;1
1961;2052-08-05;1156818797.920933;1
1962;2052-08-12;1083344425.5077624;1
1963;2052-08-19;1019885101.547434;1
1964;2052-08-26;1020709346.3099861;1
1965;2052-09-02;1033952752.3082823;1
1966;2052-09-09;989692578.5935965;1
1967;2052-09-16;1014641102.255521;1
1968;2052-09-23;1029290757.5940813;1
1969;2052-09-30;1008283357.8194779;1
1970;2052-10-07;1042741793.3343961;1
1971;2052-10-14;1024123397.0643923;1
1972;2052-10-21;1029665726.9783418;1
1973;2052-10-28;1096061354.7147071;1
1974;2052-11-04;1132241122.6814132;1
1975;2052-11-11;1119353526.901873;1
1976;2052-11-18;923592386.1199838;1
1977;2052-11-25;937800285.6097927;1
1978;2052-12-02;1070434392.1472578;1
1979;2052-12-09;1120363142.0099237;1
1980;2052-12-16;1254097127.6540616;1
1981;2052-12-23;1214451297.2084568;1
1982;2052-12-30;1078605806.3866022;1
1983;2053-01-06;1153650686.692527;1
1984;2053-01-13;1028732162.2353958;1
1985;2053-01-20;1092836504.5910685;1
1986;2053-01-27;1105531419.7472599;1
1987;2053-02-03;1013459016.7913735;1
1988;2053-02-10;1049967313.2741114;1
1989;2053-02-17;1018471170.7880042;1
1990;2053-02-24;1099609085.775391;1
1991;2053-03-03;1081356712.8474007;1
1992;2053-03-10;1039858203.1288542;1
1993;2053-03-17;1089455422.772443;1
1994;2053-03-24;1113223580.0231788;1
1995;2053-03-31;1148280633.5099416;1
1996;2053-04-07;1242467378.5982044;1
1997;2053-04-14;1243024983.3002284;1
1998;2053-04-21;1131178960.118065;1
1999;2053-04-28;1143570461.6874013;1
2000;2053-05-05;1188374735.5839643;1
2001;2053-05-12;1198212797.8516328;1
2002;2053-05-19;1271368340.5446255;1
2003;2053-05-26;1292834286.2102566;1
2004;2053-06-02;1283202294.4989886;1
2005;2053-06-09;1328963146.3568592;1
2006;2053-06-16;1353862070.9176362;1
2007;2053-06-23;1293552704.8466973;1
2008;2053-06-30;1214933468.2447264;1
2009;2053-07-07;1252569447.8658407;1
2010;2053-07-14;1226967042.7870812;1
2011;2053-07-21;1206213711.3752367;1
2012;2053-07-28;1130457979.0751116;1
2013;2053-08-04;1156818797.920933;1
2014;2053-08-11;1083344425.5077624;1
2015;2053-08-18;1019885101.547434;1
2016;2053-08-25;1020709346.3099861;1
2017;2053-09-01;1033952752.3082823;1
2018;2053-09-08;989692578.5935965;1
2019;2053-09-15;1014641102.255521;1
2020;2053-09-22;1029290757.5940813;1
2021;2053-09-29;1008283357.8194779;1
2022;2053-10-06;1042741793.3343961;1
2023;2053-10-13;1024123397.0643923;1
2024;2053-10-20;1029665726.9783418;1
2025;2053-10-27;1096061354.7147071;1
2026;2053-11-03;1132241122.6814132;1
2027;2053-11-10;1119353526.901873;1
2028;2053-11-17;923592386.1199838;1
2029;2053-11-24;937800285.6097927;1
2030;2053-12-01;1070434392.1472578;1
2031;2053-12-08;1120363142.0099237;1
2032;2053-12-15;1254097127.6540616;1
2033;2053-12-22;1214451297.2084568;1
2034;2053-12-29;1078605806.3866022;1
2035;2054-01-05;1153650686.692527;1
2036;2054-01-12;1028732162.2353958;1
2037;2054-01-19;1092836504.5910685;1
2038;2054-01-26;1105531419.7472599;1
2039;2054-02-02;1013459016.7913735;1
2040;2054-02-09;1049967313.2741114;1
2041;2054-02-16;1018471170.7880042;1
2042;2054-02-23;1099609085.775391;1
2043;2054-03-02;1081356712.8474007;1
2044;2054-03-09;1039858203.1288542;1
2045;2054-03-16;1089455422.772443;1
2046;2054-03-23;1113223580.0231788;1
2047;2054-03-30;1148280633.5099416;1
2048;2054-04-06;1242467378.5982044;1
2049;2054-04-13;1243024983.3002284;1
2050;2054-04-20;1131178960.118065;1
2051;2054-04-27;1143570461.6874013;1
2052;2054-05-04;1188374735.5839643;1
2053;2054-05-11;1198212797.8516328;1
2054;2054-05-18;1271368340.5446255;1
2055;2054-05-25;1292834286.2102566;1
2056;2054-06-01;1283202294.4989886;1
2057;2054-06-08;1328963146.3568592;1
2058;2054-06-15;1353862070.9176362;1
2059;2054-06-22;1293552704.8466973;1
2060;2054-06-29;1214933468.2447264;1
2061;2054-07-06;1252569447.8658407;1
2062;2054-07-13;1226967042.7870812;1
2063;2054-07-20;1206213711.3752367;1
2064;2054-07-27;1130457979.0751116;1
2065;2054-08-03;1156818797.920933;1
2066;2054-08-10;1083344425.5077624;1
2067;2054-08-17;1019885101.547434;1
2068;2054-08-24;1020709346.3099861;1
2069;2054-08-31;1033952752.3082823;1
2070;2054-09-07;989692578.5935965;1
2071;2054-09-14;1014641102.255521;1
2072;2054-09-21;1029290757.5940813;1
2073;2054-09-28;1008283357.8194779;1
2074;2054-10-05;1042741793.3343961;1
2075;2054-10-12;1024123397.0643923;1
2076;2054-10-19;1029665726.9783418;1
2077;2054-10-26;1096061354.7147071;1
2078;2054-11-02;1132241122.6814132;1
2079;2054-11-09;1119353526.901873;1
2080;2054-11-16;923592386.1199838;1
2081;2054-11-23;937800285.6097927;1
2082;2054-11-30;1070434392.1472578;1
2083;2054-12-07;1120363142.0099237;1
2084;2054-12-14;1254097127.6540616;1
2085;2054-12-21;1214451297.2084568;1
2086;2054-12-28;1078605806.3866022;1
2087;2055-01-04;1153650686.692527;1
2088;2055-01-11;1028732162.2353958;1
2089;2055-01-18;1092836504.5910685;1
2090;2055-01-25;1105531419.7472599;1
2091;2055-02-01;1013459016.7913735;1
2092;2055-02-08;1049967313.2741114;1
2093;2055-02-15;1018471170.7880042;1
2094;2055-02-22;1099609085.775391;1
2095;2055-03-01;1081356712.8474007;1
2096;2055-03-08;1039858203.1288542;1
2097;2055-03-15;1089455422.772443;1
2098;2055-03-22;1113223580.0231788;1
2099;2055-03-29;1148280633.5099416;1
2100;2055-04-05;1242467378.5982044;1
2101;2055-04-12;1243024983.3002284;1
2102;2055-04-19;1131178960.118065;1
2103;2055-04-26;1143570461.6874013;1
2104;2055-05-03;1188374735.5839643;1
2105;2055-05-10;1198212797.8516328;1
2106;2055-05-17;1271368340.5446255;1
2107;2055-05-24;1292834286.2102566;1
2108;2055-05-31;1283202294.4989886;1
2109;2055-06-07;1328963146.3568592;1
2110;2055-06-14;1353862070.9176362;1
2111;2055-06-21;1293552704.8466973;1
2112;2055-06-28;1214933468.2447264;1
2113;2055-07-05;1252569447.8658407;1
2114;2055-07-12;1226967042.7870812;1
2115;2055-07-19;1206213711.3752367;1
2116;2055-07-26;1130457979.0751116;1
2117;2055-08-02;1156818797.920933;1
2118;2055-08-09;1083344425.5077624;1
2119;2055-08-16;1019885101.547434;1
2120;2055-08-23;1020709346.3099861;1
2121;2055-08-30;1033952752.3082823;1
2122;2055-09-06;989692578.5935965;1
2123;2055-09-13;1014641102.255521;1
2124;2055-09-20;1029290757.5940813;1
2125;2055-09-27;1008283357.8194779;1
2126;2055-10-04;1042741793.3343961;1
2127;2055-10-11;1024123397.0643923;1
2128;2055-10-18;1029665726.9783418;1
2129;2055-10-25;1096061354.7147071;1
2130;2055-11-01;1132241122.6814132;1
2131;2055-11-08;1119353526.901873;1
2132;2055-11-15;923592386.1199838;1
2133;2055-11-22;937800285.6097927;1
2134;2055-11-29;1070434392.1472578;1
2135;2055-12-06;1120363142.0099237;1
2136;2055-12-13;1254097127.6540616;1
2137;2055-12-20;1214451297.2084568;1
2138;2055-12-27;1078605806.3866022;1
2139;2056-01-03;1153650686.692527;1
2140;2056-01-10;1028732162.2353958;1
2141;2056-01-17;1092836504.5910685;1
2142;2056-01-24;1105531419.7472599;1
2143;2056-01-31;1013459016.7913735;1
2144;2056-02-07;1049967313.2741114;1
2145;2056-02-14;1018471170.7880042;1
2146;2056-02-21;1099609085.775391;1
2147;2056-02-28;1081356712.8474007;1
2148;2056-03-06;1039858203.1288542;1
2149;2056-03-13;1089455422.772443;1
2150;2056-03-20;1113223580.0231788;1
2151;2056-03-27;1148280633.5099416;1
2152;2056-04-03;1242467378.5982044;1
2153;2056-04-10;1243024983.3002284;1
2154;2056-04-17;1131178960.118065;1
2155;2056-04-24;1143570461.6874013;1
2156;2056-05-01;1188374735.5839643;1
2157;2056-05-08;1198212797.8516328;1
2158;2056-05-15;1271368340.5446255;1
2159;2056-05-22;1292834286.2102566;1
2160;2056-05-29;1283202294.4989886;1
2161;2056-06-05;1328963146.3568592;1
2162;2056-06-12;1353862070.9176362;1
2163;2056-06-19;1293552704.8466973;1
2164;2056-06-26;1214933468.2447264;1
2165;2056-07-03;1252569447.8658407;1
2166;2056-07-10;1226967042.7870812;1
2167;2056-07-17;1206213711.3752367;1
2168;2056-07-24;1130457979.0751116;1
2169;2056-07-31;1156818797.920933;1
2170;2056-08-07;1083344425.5077624;1
2171;2056-08-14;1019885101.547434;1
2172;2056-08-21;1020709346.3099861;1
2173;2056-08-28;1033952752.3082823;1
2174;2056-09-04;989692578.5935965;1
2175;2056-09-11;1014641102.255521;1
2176;2056-09-18;1029290757.5940813;1
2177;2056-09-25;1008283357.8194779;1
2178;2056-10-02;1042741793.3343961;1
2179;2056-10-09;1024123397.0643923;1
2180;2056-10-16;1029665726.9783418;1
2181;2056-10-23;1096061354.7147071;1
2182;2056-10-30;1132241122.6814132;1
2183;2056-11-06;1119353526.901873;1
2184;2056-11-13;923592386.1199838;1
2185;2056-11-20;937800285.6097927;1
2186;2056-11-27;1070434392.1472578;1
2187;2056-12-04;1120363142.0099237;1
2188;2056-12-11;1254097127.6540616;1
2189;2056-12-18;1214451297.2084568;1
2190;2056-12-25;1078605806.3866022;1
2191;2057-01-01;1153650686.692527;1
2192;2057-01-08;1028732162.2353958;1
2193;2057-01-15;1092836504.5910685;1
2194;2057-01-22;1105531419.7472599;1
2195;2057-01-29;1013459016.7913735;1
2196;2057-02-05;1049967313.2741114;1
2197;2057-02-12;1018471170.7880042;1
2198;2057-02-19;1099609085.775391;1
2199;2057-02-26;1081356712.8474007;1
2200;2057-03-05;1039858203.1288542;1
2201;2057-03-12;1089455422.772443;1
2202;2057-03-19;1113223580.0231788;1
2203;2057-03-26;1148280633.5099416;1
2204;2057-04-02;1242467378.5982044;1
2205;2057-04-09;1243024983.3002284;1
2206;2057-04-16;1131178960.118065;1
2207;2057-04-23;1143570461.6874013;1
2208;2057-04-30;1188374735.5839643;1
2209;2057-05-07;1198212797.8516328;1
2210;2057-05-14;1271368340.5446255;1
2211;2057-05-21;1292834286.2102566;1
2212;2057-05-28;1283202294.4989886;1
2213;2057-06-04;1328963146.3568592;1
2214;2057-06-11;1353862070.9176362;1
2215;2057-06-18;1293552704.8466973;1
2216;2057-06-25;1214933468.2447264;1
2217;2057-07-02;1252569447.8658407;1
2218;2057-07-09;1226967042.7870812;1
2219;2057-07-16;1206213711.3752367;1
2220;2057-07-23;1130457979.0751116;1
2221;2057-07-30;1156818797.920933;1
2222;2057-08-06;1083344425.5077624;1
2223;2057-08-13;1019885101.547434;1
2224;2057-08-20;1020709346.3099861;1
2225;2057-08-27;1033952752.3082823;1
2226;2057-09-03;989692578.5935965;1
2227;2057-09-10;1014641102.255521;1
2228;2057-09-17;1029290757.5940813;1
2229;2057-09-24;1008283357.8194779;1
2230;2057-10-01;1042741793.3343961;1
2231;2057-10-08;1024123397.0643923;1
2232;2057-10-15;1029665726.9783418;1
2233;2057-10-22;1096061354.7147071;1
2234;2057-10-29;1132241122.6814132;1
2235;2057-11-05;1119353526.901873;1
2236;2057-11-12;923592386.1199838;1
2237;2057-11-19;937800285.6097927;1
2238;2057-11-26;1070434392.1472578;1
2239;2057-12-03;1120363142.0099237;1
2240;2057-12-10;1254097127.6540616;1
2241;2057-12-17;1214451297.2084568;1
2242;2057-12-24;1078605806.3866022;1
2243;2057-12-31;1153650686.692527;1
2244;2058-01-07;1028732162.2353958;1
2245;2058-01-14;1092836504.5910685;1
2246;2058-01-21;1105531419.7472599;1
2247;2058-01-28;1013459016.7913735;1
2248;2058-02-04;1049967313.2741114;1
2249;2058-02-11;1018471170.7880042;1
2250;2058-02-18;1099609085.775391;1
2251;2058-02-25;1081356712.8474007;1
2252;2058-03-04;1039858203.1288542;1
2253;2058-03-11;1089455422.772443;1
2254;2058-03-18;1113223580.0231788;1
2255;2058-03-25;1148280633.5099416;1
2256;2058-04-01;1242467378.5982044;1
2257;2058-04-08;1243024983.3002284;1
2258;2058-04-15;1131178960.118065;1
2259;2058-04-22;1143570461.6874013;1
2260;2058-04-29;1188374735.5839643;1
2261;2058-05-06;1198212797.8516328;1
2262;2058-05-13;1271368340.5446255;1
2263;2058-05-20;1292834286.2102566;1
2264;2058-05-27;1283202294.4989886;1
2265;2058-06-03;1328963146.3568592;1
2266;2058-06-10;1353862070.9176362;1
2267;2058-06-17;1293552704.8466973;1
2268;2058-06-24;1214933468.2447264;1
2269;2058-07-01;1252569447.8658407;1
2270;2058-07-08;1226967042.7870812;1
2271;2058-07-15;1206213711.3752367;1
2272;2058-07-22;1130457979.0751116;1
2273;2058-07-29;1156818797.920933;1
2274;2058-08-05;1083344425.5077624;1
2275;2058-08-12;1019885101.547434;1
2276;2058-08-19;1020709346.3099861;1
2277;2058-08-26;1033952752.3082823;1
2278;2058-09-02;989692578.5935965;1
2279;2058-09-09;1014641102.255521;1
2280;2058-09-16;1029290757.5940813;1
2281;2058-09-23;1008283357.8194779;1
2282;2058-09-30;1042741793.3343961;1
2283;2058-10-07;1024123397.0643923;1
2284;2058-10-14;1029665726.9783418;1
2285;2058-10-21;1096061354.7147071;1
2286;2058-10-28;1132241122.6814132;1
2287;2058-11-04;1119353526.901873;1
2288;2058-11-11;923592386.1199838;1
2289;2058-11-18;937800285.6097927;1
2290;2058-11-25;1070434392.1472578;1
2291;2058-12-02;1120363142.0099237;1
2292;2058-12-09;1254097127.6540616;1
2293;2058-12-16;1214451297.2084568;1
2294;2058-12-23;1078605806.3866022;1
2295;2058-12-30;1153650686.692527;1
2296;2059-01-06;1028732162.2353958;1
2297;2059-01-13;1092836504.5910685;1
2298;2059-01-20;1105531419.7472599;1
2299;2059-01-27;1013459016.7913735;1
2300;2059-02-03;1049967313.2741114;1
2301;2059-02-10;1018471170.7880042;1
2302;2059-02-17;1099609085.775391;1
2303;2059-02-24;1081356712.8474007;1
2304;2059-03-03;1039858203.1288542;1
2305;2059-03-10;1089455422.772443;1
2306;2059-03-17;1113223580.0231788;1
2307;2059-03-24;1148280633.5099416;1
2308;2059-03-31;1242467378.5982044;1
2309;2059-04-07;1243024983.3002284;1
2310;2059-04-14;1131178960.118065;1
2311;2059-04-21;1143570461.6874013;1
2312;2059-04-28;1188374735.5839643;1
2313;2059-05-05;1198212797.8516328;1
2314;2059-05-12;1271368340.5446255;1
2315;2059-05-19;1292834286.2102566;1
2316;2059-05-26;1283202294.4989886;1
2317;2059-06-02;1328963146.3568592;1
2318;2059-06-09;1353862070.9176362;1
2319;2059-06-16;1293552704.8466973;1
2320;2059-06-23;1214933468.2447264;1
2321;2059-06-30;1252569447.8658407;1
2322;2059-07-07;1226967042.7870812;1
2323;2059-07-14;1206213711.3752367;1
2324;2059-07-21;1130457979.0751116;1
2325;2059-07-28;1156818797.920933;1
2326;2059-08-04;1083344425.5077624;1
2327;2059-08-11;1019885101.547434;1
2328;2059-08-18;1020709346.3099861;1
2329;2059-08-25;1033952752.3082823;1
2330;2059-09-01;989692578.5935965;1
2331;2059-09-08;1014641102.255521;1
2332;2059-09-15;1029290757.5940813;1
2333;2059-09-22;1008283357.8194779;1
2334;2059-09-29;1042741793.3343961;1
2335;2059-10-06;1024123397.0643923;1
2336;2059-10-13;1029665726.9783418;1
2337;2059-10-20;1096061354.7147071;1
2338;2059-10-27;1132241122.6814132;1
2339;2059-11-03;1119353526.901873;1
2340;2059-11-10;923592386.1199838;1
2341;2059-11-17;937800285.6097927;1
2342;2059-11-24;1070434392.1472578;1
2343;2059-12-01;1120363142.0099237;1
2344;2059-12-08;1254097127.6540616;1
2345;2059-12-15;1214451297.2084568;1
2346;2059-12-22;1078605806.3866022;1
2347;2059-12-29;1153650686.692527;1
2348;2060-01-05;1028732162.2353958;1
